turbine [MW],site,seed,LCOE [€/MWh],avg_water_depth [m],AEP [GWh],AEP without wake loss [GWh],Wake loss [%],Monopile Cost [M€],Monopile Tax [M€],CAPEX [M€],Turbine Tax [M€]
8,EIB1N,1,66.03530671634837,-42.25459293131608,3633.5822893671743,3795.1989894164094,4.258451282789993,621.5138675408795,129.52678183638363,2083200754.197965,132.68409735936004
8,EIB1N,2,66.07162025628283,-42.29714633757186,3631.6347462407575,3795.1989894164094,4.309767251513843,621.7138419350603,129.5684575592929,2083200754.3979392,132.68409735936004
8,EIB1N,3,66.07065288795441,-42.29533050418869,3631.683182373455,3795.1989894164094,4.308491004001336,621.7053086538806,129.56667917829864,2083200754.389406,132.68409735936004
8,EIB1N,4,66.07926052521576,-42.1037862015448,3630.212707670377,3795.1989894164094,4.347236658897917,620.805170233709,129.3790855639624,2083200753.489268,132.68409735936004
8,EIB1N,5,66.0931277568889,-42.32741751406047,3630.507721674336,3795.1989894164094,4.339463311445464,621.8560975313119,129.59810437900686,2083200754.5401947,132.68409735936004
8,EIB1N,6,66.12546102732858,-42.22249800334901,3628.062583577502,3795.1989894164094,4.403890449617999,621.3630414533528,129.49534888089448,2083200754.0471387,132.68409735936004
8,EIB1N,7,66.1264323050053,-42.32374375018221,3628.511277779173,3795.1989894164094,4.392067770414028,621.8388331388562,129.59450638817844,2083200754.5229304,132.68409735936004
8,EIB1N,8,66.07523418422291,-42.14468709641344,3630.656748883496,3795.1989894164094,4.335536581659341,620.997378857941,129.41914285928303,2083200753.681476,132.68409735936004
8,EIB1N,9,66.12457719083503,-42.25502819929974,3628.277736467567,3795.1989894164094,4.398221369006813,621.5159130281623,129.52720812676728,2083200754.2000103,132.68409735936004
8,EIB1N,10,66.05638553460835,-42.15251055456602,3631.816735930649,3795.1989894164094,4.304971990701472,621.0341442180406,129.4268049550551,2083200753.7182412,132.68409735936004
8,EIB1S,1,65.76949175576023,-37.74002107251887,3626.765565228628,3790.254748258752,4.3134088310352,600.2982034640223,125.10532507425222,2083200732.9823008,132.68409735936004
8,EIB1S,2,65.78722423755839,-37.825618522009854,3626.138059630786,3790.254748258752,4.329964594157191,600.7004579393162,125.18915703743951,2083200733.3845556,132.68409735936004
8,EIB1S,3,65.81583052445792,-37.73822374111791,3623.993107871637,3790.254748258752,4.386555823549728,600.289757130587,125.10356481362838,2083200732.9738543,132.68409735936004
8,EIB1S,4,65.77916914131373,-37.764391862394994,3626.310681872634,3790.254748258752,4.325410223717377,600.4127309336188,125.1291932055095,2083200733.096828,132.68409735936004
8,EIB1S,5,65.75833420253196,-37.723809096822535,3627.350008699328,3790.254748258752,4.297989195429742,600.2220173181036,125.08944747792373,2083200732.9061143,132.68409735936004
8,EIB1S,6,65.7803935285746,-37.76292908888218,3626.230274693117,3790.254748258752,4.327531642589137,600.405856813007,125.1277606023653,2083200733.089954,132.68409735936004
8,EIB1S,7,65.74731894142849,-37.78448671334297,3628.3131033684585,3790.254748258752,4.27257943452717,600.5071641646585,125.14887359102268,2083200733.1912613,132.68409735936004
8,EIB1S,8,65.76529412909662,-37.71955499564156,3626.9131380596327,3790.254748258752,4.309515350496116,600.2020257032998,125.08528111951328,2083200732.886123,132.68409735936004
8,EIB1S,9,65.79922145910093,-37.75318160662791,3625.0583151578808,3790.254748258752,4.358451979428619,600.360049743019,125.11821416636322,2083200733.044147,132.68409735936004
8,EIB1S,10,65.76179624770737,-37.6672496918882,3626.858773723111,3790.254748258752,4.310949669298744,599.956223490249,125.03405463642495,2083200732.6403208,132.68409735936004
8,EIB2,1,65.96713459410019,-45.26114211439239,7344.71797411185,7599.417899437249,3.3515715110792885,1278.1204049586856,266.36706194303065,4188801544.9153104,266.79490544301416
8,EIB2,2,65.97697733296505,-45.301691289330215,7343.941172731535,7599.417899437249,3.3617933647869496,1278.5035654664423,266.4469146222522,4188801545.298471,266.79490544301416
8,EIB2,3,65.96364918842077,-45.138599598754496,7343.902303743949,7599.417899437249,3.3623048380089857,1276.962466416519,266.1257414178353,4188801543.757372,266.79490544301416
8,EIB2,4,65.98254738950955,-45.19153427333784,7342.160032012231,7599.417899437249,3.385231222039632,1277.4626609783656,266.2299846137987,4188801544.2575674,266.79490544301416
8,EIB2,5,65.98750241741756,-45.25246237202534,7342.177596887407,7599.417899437249,3.3850000875579,1278.038387642731,266.34996909998205,4188801544.833293,266.79490544301416
8,EIB2,6,65.98390114270381,-45.307954882840825,7343.170512162196,7599.417899437249,3.3719344121610693,1278.56275191533,266.4592493916807,4188801545.3576574,266.79490544301416
8,EIB2,7,65.96962302603642,-45.27724797908264,7344.58058226198,7599.417899437249,3.353379437050559,1278.272593783786,266.3987789002478,4188801545.0675,266.79490544301416
8,EIB2,8,65.97535248171549,-45.31136267698134,7344.23436840878,7599.417899437249,3.3579352314256266,1278.594953116346,266.46596029252584,4188801545.3898582,266.79490544301416
8,EIB2,9,65.98708008707082,-45.21836074116739,7341.884730257465,7599.417899437249,3.388853891017818,1277.716151784298,266.28281344036606,4188801544.5110574,266.79490544301416
8,EIB2,10,65.9635926357908,-45.186582508231545,7344.39292270374,7599.417899437249,3.3558488309005097,1277.4158703633825,266.2202332018103,4188801544.210776,266.79490544301416
12,EIB1N,1,65.38061297889232,-42.18856539465142,3691.6008632486287,3834.0393071423223,3.715101293519592,621.2035794157784,129.4621161476752,2083200771.4814188,150.2778394829155
12,EIB1N,2,65.38163455346735,-42.08008201715159,3690.9891751227465,3834.0393071423223,3.731055436836348,620.6937753929509,129.35587028914694,2083200770.9716148,150.2778394829155
12,EIB1N,3,65.37963723471223,-42.06521537825549,3691.036001085804,3834.0393071423223,3.7298341149012737,620.623911488546,129.34131028143565,2083200770.9017508,150.2778394829155
12,EIB1N,4,65.40075064091127,-42.204093912932095,3690.44867349462,3834.0393071423223,3.7451528830237177,621.2765537393152,129.4773243832079,2083200771.554393,150.2778394829155
12,EIB1N,5,65.36168216528557,-42.11470452625026,3692.384566759344,3834.0393071423223,3.69466061860906,620.8564795309088,129.38977869325788,2083200771.134319,150.2778394829155
12,EIB1N,6,65.3880518808969,-42.27634731063944,3691.590489798298,3834.0393071423223,3.715371855438745,621.6160995173238,129.5480875217451,2083200771.893939,150.2778394829155
12,EIB1N,7,65.37842382576832,-42.251353485549465,3692.0526117982176,3834.0393071423223,3.7033187187101113,621.4986441719024,129.5236092056584,2083200771.7764835,150.2778394829155
12,EIB1N,8,65.39950928434556,-42.247478896271,3690.7441063254105,3834.0393071423223,3.7374473587156944,621.4804360256732,129.519814531545,2083200771.7582755,150.2778394829155
12,EIB1N,9,65.39419805694646,-42.07845167488211,3690.21310466883,3834.0393071423223,3.751297025191237,620.6861138039893,129.35427357342778,2083200770.9639533,150.2778394829155
12,EIB1N,10,65.37835428664931,-42.23114102919459,3691.9545265277634,3834.0393071423223,3.7058769937458296,621.4036582690072,129.50381364040337,2083200771.6814976,150.2778394829155
12,EIB1S,1,65.19898844305082,-37.65765744900242,3679.7299318824994,3825.4784014468055,3.809940986967373,599.9111459481978,125.02466023790882,2083200750.188985,150.2778394829155
12,EIB1S,2,65.22773607438015,-37.75856397251409,3678.485716287748,3825.4784014468055,3.8424654313422497,600.3853434962587,125.1234855185064,2083200750.663183,150.2778394829155
12,EIB1S,3,65.22823608935843,-37.81148887224155,3678.723808930424,3825.4784014468055,3.836241565522324,600.6340574228589,125.17531881812026,2083200750.911897,150.2778394829155
12,EIB1S,4,65.21049377639102,-37.734957210597074,3679.419256792829,3825.4784014468055,3.8180621957958674,600.2744064802054,125.10036565678432,2083200750.5522456,150.2778394829155
12,EIB1S,5,65.20605170315525,-37.66182292217153,3679.319383451433,3825.4784014468055,3.820672937013436,599.9307210667783,125.02873979630044,2083200750.2085605,150.2778394829155
12,EIB1S,6,65.20130081093674,-37.75537339263308,3680.084790959563,3825.4784014468055,3.800664785671096,600.3703497663807,125.12036074578576,2083200750.6481893,150.2778394829155
12,EIB1S,7,65.1851713044557,-37.560371929085655,3680.080567290221,3825.4784014468055,3.8007751945899,599.4539648522596,124.92938127606102,2083200749.7318044,150.2778394829155
12,EIB1S,8,65.19241457501548,-37.71551114150491,3680.425634061754,3825.4784014468055,3.791754969265863,600.1830221181045,125.0813206717063,2083200750.4608612,150.2778394829155
12,EIB1S,9,65.24671780181406,-37.82515729380896,3677.664653062154,3825.4784014468055,3.863928452157727,600.6982904552493,125.18870532227994,2083200750.9761295,150.2778394829155
12,EIB1S,10,65.22678785811443,-37.74945817424131,3678.497411213661,3825.4784014468055,3.842159719881201,600.3425519396396,125.11456753146206,2083200750.6203916,150.2778394829155
12,EIB2,1,65.36880153704813,-44.75725137272034,7470.424777030097,7703.125200949538,3.020857351387161,1276.7637034604468,266.08431816504424,4200001579.7432175,302.9795150865231
12,EIB2,2,65.36332509917017,-44.76226522109744,7471.153721571216,7703.125200949538,3.0113943799034706,1276.8112073947975,266.0942182365669,4200001579.7907214,302.9795150865231
12,EIB2,3,65.37308839454396,-44.6281524295875,7468.576394584389,7703.125200949538,3.044852579265324,1275.540549655601,265.8294064336946,4200001578.520065,302.9795150865231
12,EIB2,4,65.39049907427261,-44.789500398566005,7468.069875345939,7703.125200949538,3.0514280823921265,1277.0692483216865,266.14799533244127,4200001580.0487633,302.9795150865231
12,EIB2,5,65.38804731899893,-44.83403524654518,7468.8276108305245,7703.125200949538,3.0415913542484394,1277.491195763176,266.23593141408736,4200001580.470711,302.9795150865231
12,EIB2,6,65.36235305001331,-44.7006087316104,7470.644487168443,7703.125200949538,3.0180051305986533,1276.227040182585,265.97247469550706,4200001579.2065554,302.9795150865231
12,EIB2,7,65.37415397022116,-44.63676685039501,7468.532518467487,7703.125200949538,3.04542216778632,1275.622167377106,265.8464159991436,4200001578.601682,302.9795150865231
12,EIB2,8,65.37756162504,-44.76680980673613,7469.438476812183,7703.125200949538,3.033661248405386,1276.8542652780036,266.1031917274826,4200001579.83378,302.9795150865231
12,EIB2,9,65.38498906397635,-44.76443985028656,7468.495535844542,7703.125200949538,3.045902266732911,1276.8318110178966,266.09851214074763,4200001579.811326,302.9795150865231
12,EIB2,10,65.37531795924214,-44.68204347742953,7468.850730944684,7703.125200949538,3.041291214843244,1276.0511428379732,265.9358167572518,4200001579.030658,302.9795150865231
15,EIB1N,1,65.02605098868014,-42.20394330977053,3755.174622662221,3887.957720188302,3.415240264486475,626.2861350792857,130.52134766764615,2100000788.6111915,162.32505604097753
15,EIB1N,2,65.00438669700483,-42.136860997857305,3756.185893467753,3887.957720188302,3.389229930056122,625.9683478725767,130.45511913061185,2100000788.293404,162.32505604097753
15,EIB1N,3,65.03593211581,-42.01789369382989,3753.601571442999,3887.957720188302,3.4556998407584616,625.4047673077705,130.33766595590842,2100000787.7298236,162.32505604097753
15,EIB1N,4,65.0334562235501,-42.19229232796942,3754.65160777974,3887.957720188302,3.4286924396416985,626.2309412009533,130.509844971068,2100000788.5559971,162.32505604097753
15,EIB1N,5,65.02049543483307,-42.02757376892112,3754.6166617604017,3887.957720188302,3.429591266785751,625.4506244634982,130.34722283004396,2100000787.7756803,162.32505604097753
15,EIB1N,6,65.01458108150153,-42.00551835834302,3754.8734225848975,3887.957720188302,3.4229872642997288,625.3461419684777,130.32544812469138,2100000787.671198,162.32505604097753
15,EIB1N,7,65.07112264356675,-42.186436180638665,3752.2672848979673,3887.957720188302,3.490018283526062,626.2031990339165,130.50406335652144,2100000788.5282552,162.32505604097753
15,EIB1N,8,65.02585399235345,-42.186183563286825,3755.095769950818,3887.957720188302,3.4172683912583617,626.202002316625,130.50381395429952,2100000788.5270584,162.32505604097753
15,EIB1N,9,65.06535828310001,-42.22484539501238,3752.824442152377,3887.957720188302,3.475687951395213,626.3851539576451,130.5419837263486,2100000788.71021,162.32505604097753
15,EIB1N,10,65.05420268860891,-42.10062252449286,3752.8841161475193,3887.957720188302,3.4741531097267417,625.7966763410294,130.41934187418113,2100000788.1217325,162.32505604097753
15,EIB1S,1,64.87042466439186,-37.66483647975246,3741.571977561185,3876.914713778591,3.490990806075675,604.7831480872637,126.04001128819198,2100000767.108204,162.32505604097753
15,EIB1S,2,64.8552308432597,-37.561630543463046,3741.9903900255463,3876.914713778591,3.4801983978012667,604.2942334199873,125.93811888200078,2100000766.6192892,162.32505604097753
15,EIB1S,3,64.83897650762373,-37.54244228266688,3742.908025886063,3876.914713778591,3.456529167801053,604.2033333954337,125.9191748354329,2100000766.5283892,162.32505604097753
15,EIB1S,4,64.85434190079975,-37.94961857985223,3744.043562485489,3876.914713778591,3.42723947010949,606.1322385632818,126.32116888883591,2100000768.4572947,162.32505604097753
15,EIB1S,5,64.81406983620819,-37.50603925470079,3744.279027573072,3876.914713778591,3.421165952764723,604.0308823238598,125.88323511873187,2100000766.3559384,162.32505604097753
15,EIB1S,6,64.82464923952473,-37.58466820951004,3744.021918888578,3876.914713778591,3.4277977386943927,604.4033691270516,125.960863341389,2100000766.7284253,162.32505604097753
15,EIB1S,7,64.82062710857345,-37.27320095342614,3742.669128101282,3876.914713778591,3.462691227129617,602.9278637893669,125.6533602140189,2100000765.25292,162.32505604097753
15,EIB1S,8,64.81526106524753,-37.41277779854251,3743.723979588316,3876.914713778591,3.4354826975407438,603.5890773710955,125.79116062656108,2100000765.9141333,162.32505604097753
15,EIB1S,9,64.86290141743329,-37.62864856746487,3741.855907530046,3876.914713778591,3.483667199810835,604.6117160773267,126.0042839493335,2100000766.936772,162.32505604097753
15,EIB1S,10,64.81415910638036,-37.43843940548179,3743.925160625863,3876.914713778591,3.4302934929180044,603.7106434017869,125.8164956312302,2100000766.0356996,162.32505604097753
15,EIB2,1,65.09191560337256,-44.717023862136266,7527.892830842213,7752.705300961667,2.899793831858505,1276.3825660828948,266.00488711687274,4200001601.032678,324.65011208195506
15,EIB2,2,65.0519379445295,-44.31142609111668,7528.741501708737,7752.705300961667,2.888847061233562,1272.5397115651072,265.2040158817322,4200001597.189824,324.65011208195506
15,EIB2,3,65.06206030356256,-44.53114735922401,7529.727361914543,7752.705300961667,2.876130723290426,1274.6214707071206,265.6378655129405,4200001599.271583,324.65011208195506
15,EIB2,4,65.0533676747044,-44.6449807387894,7531.985559476656,7752.705300961667,2.8470028579266646,1275.6999902360571,265.8626346951369,4200001600.3501024,324.65011208195506
15,EIB2,5,65.06883127953522,-44.85332038237119,7532.18424659731,7752.705300961667,2.8444400477469727,1277.6739136591568,266.274010791373,4200001602.3240256,324.65011208195506
15,EIB2,6,65.0227035579177,-44.473695391748215,7534.07465082929,7752.705300961667,2.8200562467563093,1274.077139429818,265.52442399170644,4200001598.727252,324.65011208195506
15,EIB2,7,65.0550047329879,-44.45260474318912,7529.805925459005,7752.705300961667,2.8751173538740376,1273.8773151213793,265.4827795474607,4200001598.527427,324.65011208195506
15,EIB2,8,65.04539969979281,-44.40492752028106,7530.521034373472,7752.705300961667,2.8658933619034204,1273.4255951057903,265.3886387036823,4200001598.0757074,324.65011208195506
15,EIB2,9,65.05176832606261,-44.52816058272676,7530.987190533099,7752.705300961667,2.8598805426160703,1274.593172357435,265.63196798698414,4200001599.2432847,324.65011208195506
15,EIB2,10,65.0567672069569,-44.64976368979784,7531.608294109172,7752.705300961667,2.851869099488012,1275.7453065227935,265.87207884931,4200001600.395418,324.65011208195506
22,EIB1N,1,64.87443609002938,-42.25574099109268,3777.2231994757713,3886.320082694285,2.807202723839461,624.8607641161562,130.22429280946952,2094400807.29016,182.4293957066152
22,EIB1N,2,64.78718578079472,-41.84297339500603,3780.6135914601377,3886.320082694285,2.7199635898457424,622.9105858209813,129.81786532365876,2094400805.3399816,182.4293957066152
22,EIB1N,3,64.85964944248117,-41.94220540460999,3776.5464329817137,3886.320082694285,2.824616793696219,623.3794213428365,129.91557312959517,2094400805.808817,182.4293957066152
22,EIB1N,4,64.8828894465123,-41.99713776931147,3775.362726105628,3886.320082694285,2.8550750897423067,623.6389569903998,129.96966173317483,2094400806.0683527,182.4293957066152
22,EIB1N,5,64.83573705296283,-41.84019836364081,3777.5317126455247,3886.320082694285,2.799264284308264,622.8974747967919,129.8151329167753,2094400805.3268704,182.4293957066152
22,EIB1N,6,64.8767171935485,-42.17999968805173,3776.6905230024886,3886.320082694285,2.8209091726637534,624.5029137261566,130.14971489284326,2094400806.9323092,182.4293957066152
22,EIB1N,7,64.855350841646,-42.17111887947637,3777.993073718124,3886.320082694285,2.7873928722067847,624.4609551027293,130.14097049348763,2094400806.8903508,182.4293957066152
22,EIB1N,8,64.82581074530549,-42.02070199041551,3779.0857870155214,3886.320082694285,2.759275957641146,623.7502894519968,129.99286400784274,2094400806.179685,182.4293957066152
22,EIB1N,9,64.85861106893981,-41.94817243254295,3776.6425828869183,3886.320082694285,2.8221427333214,623.4076134016897,129.92144850397906,2094400805.8370087,182.4293957066152
22,EIB1N,10,64.83845371493778,-41.93300938367997,3777.8369125474032,3886.320082694285,2.791411099408812,623.3359734545097,129.90651835954665,2094400805.7653687,182.4293957066152
22,EIB1S,1,64.73676987532986,-37.53166924186584,3761.622724559786,3879.411369054264,3.036250433095804,602.541225766889,125.57278280231078,2094400784.970621,182.4293957066152
22,EIB1S,2,64.70270900924206,-37.43497380737478,3763.270979868603,3879.411369054264,2.993763180468646,602.0843746492751,125.47757260969352,2094400784.5137703,182.4293957066152
22,EIB1S,3,64.69554834805794,-37.687311519890784,3765.021565091938,3879.411369054264,2.9486381587372685,603.2765794993368,125.72603441494527,2094400785.7059755,182.4293957066152
22,EIB1S,4,64.67962981322678,-37.80622888583753,3766.638234614708,3879.411369054264,2.906965096280787,603.8384212431833,125.84312521015106,2094400786.267817,182.4293957066152
22,EIB1S,5,64.66690124582796,-37.515032529306666,3765.941806246901,3879.411369054264,2.924917004484245,602.4626232892634,125.55640162965652,2094400784.892019,182.4293957066152
22,EIB1S,6,64.70270900924206,-37.43497380737478,3763.270979868603,3879.411369054264,2.993763180468646,602.0843746492751,125.47757260969352,2094400784.5137703,182.4293957066152
22,EIB1S,7,64.69633180698987,-37.64936986910374,3764.7768113310185,3879.411369054264,2.954947202497669,603.0973188583623,125.68867554791431,2094400785.5267143,182.4293957066152
22,EIB1S,8,64.64968486823821,-37.55575840720934,3767.238590218858,3879.411369054264,2.891489665937435,602.6550384010376,125.5965019580746,2094400785.084434,182.4293957066152
22,EIB1S,9,64.6834279059389,-37.45988818124902,3764.615026581612,3879.411369054264,2.959117545212463,602.2020860966564,125.50210429878506,2094400784.631482,182.4293957066152
22,EIB1S,10,64.7200078502951,-37.94177547738083,3764.7891065315534,3879.411369054264,2.9546302678040965,604.4788300914524,125.97658980604822,2094400786.9082255,182.4293957066152
22,EIB2,1,65.0387614663596,-44.18898359880842,7553.562905572944,7747.190861333528,2.499331166952232,1267.9892789405485,264.25568162146146,4188801632.84807,364.8587914132304
22,EIB2,2,65.04222567403254,-44.03254107487638,7551.52549535184,7747.190861333528,2.52562986357107,1266.5110097280078,263.94760248793256,4188801631.369801,364.8587914132304
22,EIB2,3,65.05428077824911,-44.42422614568732,7554.0187425214735,7747.190861333528,2.4934472671401795,1270.2121516339205,264.71894006417915,4188801635.070943,364.8587914132304
22,EIB2,4,65.05830642659566,-44.353440417025965,7552.787921139491,7747.190861333528,2.5093345920301013,1269.5432774637952,264.5795431444409,4188801634.4020686,364.8587914132304
22,EIB2,5,65.0660346178542,-44.15081667543398,7549.742605740648,7747.190861333528,2.548643232456686,1267.6286289948448,264.18052026259863,4188801632.487421,364.8587914132304
22,EIB2,6,65.02181824358773,-43.95409851291073,7553.28967772446,7747.190861333528,2.5028579659349224,1265.769783996077,263.79312711950485,4188801630.6285753,364.8587914132304
22,EIB2,7,65.0695614050794,-44.54364380403891,7553.319130393638,7747.190861333528,2.5024777936930627,1271.3405625246291,264.9541068704178,4188801636.1993537,364.8587914132304
22,EIB2,8,65.03466466388913,-44.40841776506005,7556.32513092354,7747.190861333528,2.4636766258413068,1270.0627738190267,264.68780893637745,4188801634.921565,364.8587914132304
22,EIB2,9,65.05177561427803,-44.02316902482781,7550.228655839227,7747.190861333528,2.5423693441882995,1266.4224506029248,263.9291462972129,4188801631.281242,364.8587914132304
22,EIB2,10,65.05938235523355,-44.14639072591496,7550.533527744695,7747.190861333528,2.538434086739185,1267.5868069585736,264.17180432872976,4188801632.445598,364.8587914132304
10,EIB1N,1,65.69565500550416,-42.20630231496859,3693.274732505361,3847.26763939319,4.002656464838969,626.297310330274,130.52367664914175,2100000769.5097773,143.2124671917234
10,EIB1N,2,65.663709691295,-42.15700876928052,3694.9691921472863,3847.26763939319,3.9586132684526496,626.0637933606552,130.47501047585328,2100000769.2762609,143.2124671917234
10,EIB1N,3,65.69576935179086,-42.11355293174932,3692.796864688619,3847.26763939319,4.015077431133313,625.8579312066778,130.43210771261792,2100000769.0703983,143.2124671917234
10,EIB1N,4,65.65576481147254,-42.16666359723793,3695.5022227627687,3847.26763939319,3.944758484604898,626.1095309138243,130.48454242418214,2100000769.321998,143.2124671917234
10,EIB1N,5,65.65326675031785,-42.17080502091488,3695.675467151632,3847.26763939319,3.940255434515821,626.1291499672612,130.48863113883053,2100000769.341617,143.2124671917234
10,EIB1N,6,65.67600598575048,-42.229422596116656,3694.588169677773,3847.26763939319,3.968516984680033,626.4068374076033,130.54650267216607,2100000769.619305,143.2124671917234
10,EIB1N,7,65.70376568848607,-42.15217721551392,3692.506501466321,3847.26763939319,4.022624689330928,626.0409049727664,130.4702404145892,2100000769.253372,143.2124671917234
10,EIB1N,8,65.69445395720203,-42.1584826334665,3693.105019845201,3847.26763939319,4.007067716565325,626.0707754572672,130.47646558176783,2100000769.2832427,143.2124671917234
10,EIB1N,9,65.72883532486934,-42.28264369432281,3691.6442354380247,3847.26763939319,4.045037115736278,626.658960264651,130.59904641094053,2100000769.8714275,143.2124671917234
10,EIB1N,10,65.68670576118953,-42.24482345083519,3694.014975968729,3847.26763939319,3.983415706650269,626.4797954566383,130.56170751600638,2100000769.6922624,143.2124671917234
10,EIB1S,1,65.64187200547784,-37.90039303907892,3674.668758089492,3840.348031408999,4.314173402110119,605.899043751491,126.27256985494516,2100000749.111511,143.2124671917234
10,EIB1S,2,65.58538505725001,-37.733261546997646,3677.244734379752,3840.348031408999,4.247096765586781,605.107296292186,126.10756549094494,2100000748.3197637,143.2124671917234
10,EIB1S,3,65.63691677658194,-37.895499321007165,3674.9441801635753,3840.348031408999,4.307001602267229,605.8758608743349,126.26773842055798,2100000749.088328,143.2124671917234
10,EIB1S,4,65.65140201057275,-38.08526174348558,3675.030674028988,3840.348031408999,4.304749361983138,606.774817223003,126.45508568493209,2100000749.9872844,143.2124671917234
10,EIB1S,5,65.57731264933676,-37.7141875421075,3677.637723953498,3840.348031408999,4.236863589569078,605.0169375290202,126.08873424611708,2100000748.2294047,143.2124671917234
10,EIB1S,6,65.61244007222626,-37.71528866114838,3675.51197868518,3840.348031408999,4.2922165224525735,605.022153830222,126.08982135091556,2100000748.234621,143.2124671917234
10,EIB1S,7,65.5652620318061,-37.65591143662953,3678.072941564008,3840.348031408999,4.225530824753235,604.7408677238876,126.03119983652697,2100000747.9533348,143.2124671917234
10,EIB1S,8,65.56277359513427,-37.72966560489953,3678.599357469799,3840.348031408999,4.21182331956137,605.090261333756,126.10401531538264,2100000748.3027284,143.2124671917234
10,EIB1S,9,65.67384716802701,-38.13365002133064,3673.916932204213,3840.348031408999,4.333750426877934,607.0040456919581,126.50285811196824,2100000750.216513,143.2124671917234
10,EIB1S,10,65.58166267586388,-37.74747362093693,3677.542972989645,3840.348031408999,4.23933083897144,605.1746227624566,126.1215966839432,2100000748.38709,143.2124671917234
10,EIB2,1,65.65455469124475,-45.00138717318435,7419.956550951266,7665.319126695645,3.2009440401491838,1279.0767791990252,266.56637540014225,4200001565.5017138,286.4249343834468
10,EIB2,2,65.63840321340484,-44.90225754934036,7420.925349999266,7665.319126695645,3.1883053093672418,1278.1375710720226,266.37063945197013,4200001564.562505,286.4249343834468
10,EIB2,3,65.6695027205036,-45.11051435397075,7419.236995538483,7665.319126695645,3.210331195476833,1280.1107096337123,266.7818519789314,4200001566.535644,286.4249343834468
10,EIB2,4,65.65453728098642,-45.06100559666842,7420.564485223164,7665.319126695645,3.1930130686938485,1279.6416366622532,266.68409468723985,4200001566.066571,286.4249343834468
10,EIB2,5,65.64770350805769,-44.94026353330179,7420.173590971009,7665.319126695645,3.1981125856962693,1278.4976604946105,266.44568399484683,4200001564.922595,286.4249343834468
10,EIB2,6,65.65321149624856,-44.98902096108298,7419.995209195223,7665.319126695645,3.200439713541016,1278.9596149603697,266.5419577522475,4200001565.384549,286.4249343834468
10,EIB2,7,65.64583631776338,-44.90241835274874,7420.017432696197,7665.319126695645,3.200149790830599,1278.139094611225,266.37095696560937,4200001564.564029,286.4249343834468
10,EIB2,8,65.64310068980427,-45.009018545624734,7421.435559395474,7665.319126695645,3.1816492342870566,1279.149082984092,266.5814438919063,4200001565.5740175,286.4249343834468
10,EIB2,9,65.65684349678521,-45.12298563954194,7420.91212792548,7665.319126695645,3.1884778015175024,1280.2288693957328,266.80647709916826,4200001566.653804,286.4249343834468
10,EIB2,10,65.64401404207105,-44.91189305438293,7420.336687397494,7665.319126695645,3.1959848670222093,1278.228863102526,266.3896651946543,4200001564.6537976,286.4249343834468
17,EIB1N,1,65.02139819308677,-42.32506684944478,3753.036819783797,3881.371544252774,3.3064271999160963,625.1883038395608,130.2925538226373,2094400793.5073483,168.31904457985624
17,EIB1N,2,64.94535774445701,-42.172569719037305,3757.015667205223,3881.371544252774,3.203915822789184,624.4678097973524,130.14239904815287,2094400792.7868545,168.31904457985624
17,EIB1N,3,64.97867160338504,-42.15459144115902,3754.836789059421,3881.371544252774,3.2600526321865857,624.3828689065575,130.12469691662284,2094400792.7019136,168.31904457985624
17,EIB1N,4,64.98067677853834,-42.064214028745326,3754.248164220494,3881.371544252774,3.275218014634915,623.9558681687712,130.0357077012638,2094400792.2749128,168.31904457985624
17,EIB1N,5,64.93775843783074,-42.09266436927323,3757.082273555208,3881.371544252774,3.202199770892933,624.0902857856431,130.0637210445612,2094400792.4093304,168.31904457985624
17,EIB1N,6,64.94113084604928,-42.240378893197175,3757.6282900797255,3881.371544252774,3.188132152828239,624.7881837339552,130.20916667339768,2094400793.1072285,168.31904457985624
17,EIB1N,7,64.99180995802637,-42.21236233919379,3754.310437160354,3881.371544252774,3.273613609100682,624.6558156022485,130.18158045366377,2094400792.97486,168.31904457985624
17,EIB1N,8,64.97510525797911,-42.09424550697628,3754.7508208433305,3881.371544252774,3.262267524914833,624.0977560920803,130.0652778959891,2094400792.4168007,168.31904457985624
17,EIB1N,9,64.95545310795312,-42.15178999399157,3756.2765355156025,3881.371544252774,3.222958877059898,624.3696330772123,130.12193849968386,2094400792.6886773,168.31904457985624
17,EIB1N,10,64.93175429561236,-42.06641774837419,3757.324070227842,3881.371544252774,3.195970100018164,623.9662799506785,130.03787757175917,2094400792.2853248,168.31904457985624
17,EIB1S,1,64.76988584538745,-37.41034294123988,3743.5574840905306,3871.218820378345,3.297703958655016,601.9680026738996,125.45332007366244,2094400770.2870471,168.31904457985624
17,EIB1S,2,64.73120238108399,-37.41475375024255,3746.0046039350937,3871.218820378345,3.234490796131594,601.9888421585459,125.45766313263884,2094400770.3078868,168.31904457985624
17,EIB1S,3,64.74131970546473,-37.542548094213856,3746.027659324413,3871.218820378345,3.2338952372032805,602.5926244278464,125.58349455548672,2094400770.911669,168.31904457985624
17,EIB1S,4,64.76128483848721,-37.623545576290034,3745.19274084938,3871.218820378345,3.2554625655763934,602.975308371563,125.66324791623822,2094400771.294353,168.31904457985624
17,EIB1S,5,64.74330601567343,-37.549815490235126,3745.940500137604,3871.218820378345,3.2361467034947395,602.6269602577845,125.59065032430512,2094400770.9460049,168.31904457985624
17,EIB1S,6,64.72380212345887,-37.35045786251249,3746.137890902234,3871.218820378345,3.231047772801606,601.6850672355409,125.39435482974427,2094400770.004112,168.31904457985624
17,EIB1S,7,64.74943489948343,-37.58132300220648,3745.718326152905,3871.218820378345,3.2418858258488967,602.7758219091448,125.62167388089262,2094400771.0948665,168.31904457985624
17,EIB1S,8,64.74565354966305,-37.40531687884895,3745.0499819296415,3871.218820378345,3.259150265144972,601.9442563384847,125.4483712115898,2094400770.263301,168.31904457985624
17,EIB1S,9,64.77190087796326,-37.63691964738965,3744.596329077921,3871.218820378345,3.2708688703897564,603.038496042843,125.67641656160576,2094400771.3575408,168.31904457985624
17,EIB1S,10,64.75370768372609,-37.37548574021297,3744.391753747852,3871.218820378345,3.2761533903190267,601.8033149476398,125.41899827924333,2094400770.1223595,168.31904457985624
17,EIB2,1,65.03676218784176,-44.547783191706856,7526.910148117324,7739.190261710895,2.742924083980886,1271.3796767577317,264.96225848376446,4188801608.017766,336.6380891597125
17,EIB2,2,65.03396067695691,-44.48518214206576,7526.620420940407,7739.190261710895,2.7466677208100574,1270.788141911379,264.83897948872726,4188801607.426231,336.6380891597125
17,EIB2,3,65.04670097804296,-44.65098123074537,7526.720734576591,7739.190261710895,2.745371543396246,1272.3548239240577,265.16548431808224,4188801608.992913,336.6380891597125
17,EIB2,4,65.02812205938059,-44.56243828133103,7528.143599935088,7739.190261710895,2.726986346620087,1271.5181568030157,264.9911184586596,4188801608.156246,336.6380891597125
17,EIB2,5,65.04558213963024,-44.28997660807826,7523.165361147733,7739.190261710895,2.7913114067233926,1268.9435901631816,264.4545651347564,4188801605.5816793,336.6380891597125
17,EIB2,6,65.01921127728141,-44.49110009117225,7528.530656511667,7739.190261710895,2.721985092438572,1270.844062269512,264.8506335875437,4188801607.482152,336.6380891597125
17,EIB2,7,65.03952800315321,-44.49046146097636,7525.976544949408,7739.190261710895,2.754987402446317,1270.8380276739745,264.8493759458715,4188801607.4761167,336.6380891597125
17,EIB2,8,65.02853564904686,-44.201102922453245,7524.39167576289,7739.190261710895,2.7754658909305543,1268.103797823079,264.2795479631287,4188801604.741887,336.6380891597125
17,EIB2,9,65.02671328659403,-44.34758066106799,7526.120080513738,7739.190261710895,2.7531327437614173,1269.487906989017,264.568003644228,4188801606.125996,336.6380891597125
17,EIB2,10,65.03076357864114,-44.39160303128418,7526.063061287328,7739.190261710895,2.7538695033510034,1269.903886691453,264.6546960174473,4188801606.541976,336.6380891597125
20,EIB1N,1,64.85958563687964,-42.130938930204856,3731.375011089255,3843.583613127964,2.9193745559600868,617.5944228440244,128.70994880226647,2072000792.787868,175.1934452427389
20,EIB1N,2,64.82646472760003,-42.050767362500224,3733.033303400314,3843.583613127964,2.876230124149246,617.2196921905837,128.63185294933294,2072000792.4131372,175.1934452427389
20,EIB1N,3,64.81859019624629,-42.23535540730579,3734.4629804906494,3843.583613127964,2.8390336628714814,618.0824768488825,128.81166184185116,2072000793.275922,175.1934452427389
20,EIB1N,4,64.86512493883494,-42.05517374636823,3730.644933508469,3843.583613127964,2.9383692664769105,617.2402881094791,128.63614524791677,2072000792.4337327,175.1934452427389
20,EIB1N,5,64.83604661412315,-42.06798346038838,3732.522995325599,3843.583613127964,2.889507006509029,617.3001621102327,128.64862330679574,2072000792.4936075,175.1934452427389
20,EIB1N,6,64.84425109660106,-41.99571343508632,3731.6440861227375,3843.583613127964,2.9123739268450266,616.9623641279682,128.57822441814884,2072000792.1558092,175.1934452427389
20,EIB1N,7,64.86031371202337,-42.117645739921706,3731.262104636929,3843.583613127964,2.922312086756619,617.5322890224747,128.69699978476444,2072000792.7257345,175.1934452427389
20,EIB1N,8,64.8754294918178,-41.95752010505164,3729.506988421487,3843.583613127964,2.967975623499963,616.7838443368408,128.5410199481499,2072000791.9772892,175.1934452427389
20,EIB1N,9,64.84410056181272,-41.97507477423691,3731.548611424327,3843.583613127964,2.91485792896442,616.8658967756678,128.5581201109912,2072000792.059342,175.1934452427389
20,EIB1N,10,64.86184210548191,-42.01213090443921,3730.63089429016,3843.583613127964,2.938734530244333,617.0391011707202,128.59421682429516,2072000792.2325463,175.1934452427389
20,EIB1S,1,64.75223333745109,-37.92615434616362,3716.682261223127,3835.476101964208,3.097238454444948,597.9408009944428,124.61402991363748,2072000773.134246,175.1934452427389
20,EIB1S,2,64.74326025791139,-37.71806870637119,3716.181453021693,3835.476101964208,3.110295717431851,596.9681860138014,124.41133180022806,2072000772.161631,175.1934452427389
20,EIB1S,3,64.703650306955,-37.69664120115535,3718.537800927077,3835.476101964208,3.0488601135396256,596.8680315168765,124.3904590726018,2072000772.0614767,175.1934452427389
20,EIB1S,4,64.676835035703,-37.861799345701705,3721.050185722837,3835.476101964208,2.9833562561574056,597.6399987017384,124.55134112264209,2072000772.833444,175.1934452427389
20,EIB1S,5,64.65704388310029,-37.57228278409535,3720.8090438540985,3835.476101964208,2.9896433991959164,596.2867667091655,124.2693204080126,2072000771.480212,175.1934452427389
20,EIB1S,6,64.74326025791139,-37.71806870637119,3716.181453021693,3835.476101964208,3.110295717431851,596.9681860138014,124.41133180022806,2072000772.161631,175.1934452427389
20,EIB1S,7,64.71381845074565,-37.55432705818127,3717.1799525719857,3835.476101964208,3.084262455230557,596.2028396874364,124.25182957216585,2072000771.3962848,175.1934452427389
20,EIB1S,8,64.64137830074303,-37.50436897071085,3721.440131481411,3835.476101964208,2.9731894411856143,595.9693301366267,124.20316494499647,2072000771.1627755,175.1934452427389
20,EIB1S,9,64.70089319951414,-37.74325632548296,3718.946941984884,3835.476101964208,3.0381928313840256,597.0859156932701,124.43586728898318,2072000772.279361,175.1934452427389
20,EIB1S,10,64.77306851634135,-37.759758356112414,3714.5402984229295,3835.476101964208,3.153084527872449,597.1630479846538,124.45194206703782,2072000772.3564928,175.1934452427389
20,EIB2,1,65.01449686313539,-44.16758726502833,7564.990440462332,7766.248106360038,2.5914400768743064,1271.1769040692047,264.91999958149233,4200001626.298753,355.12184846501134
20,EIB2,2,65.06150377686878,-44.474388793379546,7562.218032112141,7766.248106360038,2.6271382455681485,1274.0837090950922,265.52579314474576,4200001629.205558,355.12184846501134
20,EIB2,3,65.04638209852426,-44.50048399946736,7564.390298866091,7766.248106360038,2.5991676383431384,1274.330949311317,265.5773193153119,4200001629.452798,355.12184846501134
20,EIB2,4,65.01912691883427,-44.402096694909815,7566.81501751029,7766.248106360038,2.567946402413098,1273.3987743221364,265.3830491103128,4200001628.520623,355.12184846501134
20,EIB2,5,65.03462804702441,-44.26794167884453,7563.483968249371,7766.248106360038,2.6108377601871435,1272.1277165244708,265.1181539331367,4200001627.249565,355.12184846501134
20,EIB2,6,65.02444161582858,-44.33486803204503,7565.454729010909,7766.248106360038,2.5854617905484147,1272.7618132999758,265.250303059638,4200001627.8836617,355.12184846501134
20,EIB2,7,65.04647502799433,-44.53128906728276,7564.694783321669,7766.248106360038,2.595247026338371,1274.6228133265645,265.63814532194374,4200001629.744662,355.12184846501134
20,EIB2,8,65.01361803628235,-44.22511754210564,7565.692049757718,7766.248106360038,2.582405993932612,1271.721977294386,265.03359572859404,4200001626.843826,355.12184846501134
20,EIB2,9,65.0426106767922,-44.51357977328932,7564.999863643795,7766.248106360038,2.5913187418186427,1274.4550258156555,265.60317751598586,4200001629.576874,355.12184846501134
20,EIB2,10,65.05456439844603,-44.64140066521587,7564.805878435177,7766.248106360038,2.5938165400599726,1275.6660706662542,265.8555656771353,4200001630.787919,355.12184846501134
