turbine [MW],site,seed,LCOE [€/MWh],avg_water_depth [m],AEP [GWh],AEP without wake loss [GWh],Wake loss [%],Monopile Cost [M€],Monopile Tax [M€],Turbine Tax [M€]
8,EIB1N,1,64.90019755193488,-42.16349997462097,3630.8318063805714,3796.8151687768777,4.371647157366813,588.7263956905847,97.07817578499468,99.53502184096384
8,EIB1N,2,64.87115098528533,-42.19367223937061,3632.7393415257434,3796.8151687768777,4.32140675691599,588.8607989765093,97.10033824605058,99.53502184096384
8,EIB1N,3,64.88713133014292,-42.26906367380325,3632.134771275724,3796.8151687768777,4.337329845692866,589.1966324514701,97.15571558492204,99.53502184096384
8,EIB1N,4,64.84359006140622,-42.16843362414542,3634.29018710943,3796.8151687768777,4.280560797480279,588.7483727848861,97.08179970306504,99.53502184096384
8,EIB1N,5,64.88600966300307,-42.33260683962765,3632.510270996913,3796.8151687768777,4.327439985257285,589.4796874476963,97.20239000428153,99.53502184096384
8,EIB1N,6,64.88387019782157,-42.30435913196875,3632.5033607639857,3796.8151687768777,4.327621986029521,589.353857160819,97.18164118989516,99.53502184096384
8,EIB1N,7,64.87560476761249,-42.19903499096313,3632.495077666548,3796.8151687768777,4.32784014511995,588.8846875192359,97.10427735285306,99.53502184096384
8,EIB1N,8,64.92900631490342,-42.24161461846828,3629.464117941168,3796.8151687768777,4.40766914892045,589.0743597860552,97.13555340535316,99.53502184096384
8,EIB1N,9,64.905242859763,-42.22512397426058,3630.824099973741,3796.8151687768777,4.371850127658688,589.0009017017212,97.1234405174718,99.53502184096384
8,EIB1N,10,64.90395709267075,-42.21525713260219,3630.854302379836,3796.8151687768777,4.371054660806809,588.9569495505788,97.11619301729858,99.53502184096384
8,EIB1S,1,64.59851454498339,-37.67890051101468,3627.406244480697,3791.8702953006687,4.337280497800649,568.749608765058,93.78409886408336,99.53502184096384
8,EIB1S,2,64.61508262241894,-37.77395936960825,3626.860181374429,3791.8702953006687,4.351681388752647,569.1730513888459,93.85392253390322,99.53502184096384
8,EIB1S,3,64.6255798205721,-37.75186036840438,3626.114266988507,3791.8702953006687,4.371352799635207,569.0746107049231,93.83769013445894,99.53502184096384
8,EIB1S,4,64.58859753076212,-37.68646376931784,3628.0467138606487,3791.8702953006687,4.32038990476677,568.7832995329427,93.78965431108044,99.53502184096384
8,EIB1S,5,64.57953112607666,-37.68781092480034,3628.605357227397,3791.8702953006687,4.305657244542582,568.789300478679,93.79064383842172,99.53502184096384
8,EIB1S,6,64.60321143061621,-37.64294833073299,3626.945606448976,3791.8702953006687,4.349428540741155,568.589458666744,93.75769087641724,99.53502184096384
8,EIB1S,7,64.59016959297327,-37.63380678297432,3627.69494239788,3791.8702953006687,4.329666895680862,568.548737359696,93.75097612703158,99.53502184096384
8,EIB1S,8,64.59302065035338,-37.69190802340417,3627.80390550691,3791.8702953006687,4.3267932976792265,568.8075511310474,93.79365328398384,99.53502184096384
8,EIB1S,9,64.60389265217609,-37.76374396295889,3627.49142038218,3791.8702953006687,4.335034221033518,569.1275465441773,93.84641900197036,99.53502184096384
8,EIB1S,10,64.59942567213633,-37.6927786734584,3627.418266360983,3791.8702953006687,4.336963454248271,568.811429468625,93.79429280335964,99.53502184096384
8,EIB2,1,64.77509453687722,-45.286806967329646,7346.429141245442,7602.708196021391,3.3708916371413973,1211.7585185340931,199.81320241846723,200.140312733981
8,EIB2,2,64.76995690786099,-45.17655690942208,7345.985851429281,7602.708196021391,3.3767223201655505,1210.7710131754168,199.65036749294,200.140312733981
8,EIB2,3,64.76857741107851,-45.28512534604551,7347.2137974350735,7602.708196021391,3.3605708913045143,1211.743456319516,199.81071873109536,200.140312733981
8,EIB2,4,64.76550021556045,-45.19245666155157,7346.688648148601,7602.708196021391,3.367478288944049,1210.913426619251,199.6738507908452,200.140312733981
8,EIB2,5,64.76631355759847,-45.205042675786565,7346.71137057026,7602.708196021391,3.3671794162124677,1211.026159045313,199.6924398304297,200.140312733981
8,EIB2,6,64.76484447318856,-45.18827966454067,7346.728533687088,7602.708196021391,3.3669536661720176,1210.876013424104,199.66768153333996,200.140312733981
8,EIB2,7,64.762266312053,-45.179441547664446,7346.959304811338,7602.708196021391,3.3639182856431304,1210.7968507647684,199.65462798823847,200.140312733981
8,EIB2,8,64.78480573043117,-45.360908618734605,7345.958013223711,7602.708196021391,3.377088481865468,1212.4222440616609,199.92264759352625,200.140312733981
8,EIB2,9,64.75993561763332,-45.03942882696119,7345.880710458135,7602.708196021391,3.378105261197028,1209.542762425938,199.44783480026865,200.140312733981
8,EIB2,10,64.75339444635927,-45.20736087167425,7348.322387141578,7602.708196021391,3.3459893806385503,1211.0469230331516,199.69586371302805,200.140312733981
10,EIB1N,1,64.4802061897741,-42.247796757512646,3694.104842524744,3847.26763939319,3.9810798526250615,593.8527200761214,97.92348223544911,107.40935039379256
10,EIB1N,2,64.46324615177171,-42.20189381639116,3694.932974691279,3847.26763939319,3.9595546496977816,593.646595005513,97.889493194046,107.40935039379256
10,EIB1N,3,64.51363119744936,-42.24996011632116,3692.04071804783,3847.26763939319,4.034731552230748,593.8624345405168,97.92508410431236,107.40935039379256
10,EIB1N,4,64.48626213304078,-42.180060908085615,3693.396147079509,3847.26763939319,3.999500599806222,593.5485553231717,97.87332691785066,107.40935039379256
10,EIB1N,5,64.46888867965342,-42.18768343000115,3694.512590753816,3847.26763939319,3.9704814678156377,593.5827839113551,97.87897104885086,107.40935039379256
10,EIB1N,6,64.48744524834893,-42.1811880097687,3693.3282256003854,3847.26763939319,4.001266047014209,593.5536165220477,97.87416148541512,107.40935039379256
10,EIB1N,7,64.51430235016183,-42.26652287277681,3692.0803762818746,3847.26763939319,4.033700736655598,593.9368088455282,97.9373480726152,107.40935039379256
10,EIB1N,8,64.47797269102196,-42.13445158410793,3693.6868972419056,3847.26763939319,3.9919432840785687,593.3437487270011,97.8395552865963,107.40935039379256
10,EIB1N,9,64.49912405081136,-42.24027905101614,3692.8933866535153,3847.26763939319,4.012568586572872,593.8189621568129,97.9179157155024,107.40935039379256
10,EIB1N,10,64.4857195367635,-42.18325486140114,3693.4455204478095,3847.26763939319,3.998217263866838,593.5628976253554,97.87569189510111,107.40935039379256
10,EIB1S,1,64.41832200966786,-37.95274923783692,3676.8370731329446,3840.348031408999,4.257711981798252,574.5660044184503,94.74319477656198,107.40935039379256
10,EIB1S,2,64.40204193353412,-37.77229485248613,3676.9573815312697,3840.348031408999,4.254579234522716,573.7556822035046,94.60957650668176,107.40935039379256
10,EIB1S,3,64.42047183823776,-37.80512514383235,3675.978326685093,3840.348031408999,4.280073143881167,573.9031051345089,94.63388584513768,107.40935039379256
10,EIB1S,4,64.45803187810775,-38.06528071208175,3674.9343009375175,3840.348031408999,4.307258850463929,575.0713218884798,94.82651921817327,107.40935039379256
10,EIB1S,5,64.39729918245455,-37.75955071365468,3677.188304432752,3840.348031408999,4.248566162280471,573.6984552273611,94.60014005115612,107.40935039379256
10,EIB1S,6,64.449537068281,-38.058486568519605,3675.4260327271495,3840.348031408999,4.29445449560832,575.0408130956388,94.8214884636902,107.40935039379256
10,EIB1S,7,64.35247737494174,-37.71683146076444,3679.754995668882,3840.348031408999,4.181731302128784,573.5066263640418,94.56850838617514,107.40935039379256
10,EIB1S,8,64.3477240431305,-37.70156895908524,3679.974595653607,3840.348031408999,4.176013070788059,573.4380907940015,94.55720719743177,107.40935039379256
10,EIB1S,9,64.45577803539021,-37.8529709016059,3674.030516555615,3840.348031408999,4.330792769122109,574.1179543349839,94.66931345396183,107.40935039379256
10,EIB1S,10,64.44395652802979,-38.01543463163992,3675.559518787636,3840.348031408999,4.2909786111469534,574.8474903299866,94.78961046133702,107.40935039379256
10,EIB2,1,64.435304113998,-44.91222048404241,7419.981345664281,7665.319126695645,3.200620573994601,1211.6343874198678,199.79273378955,214.8187007875851
10,EIB2,2,64.45301728933902,-44.973277120449325,7418.370647599102,7665.319126695645,3.221633372529888,1212.1827315208354,199.88315311746533,214.8187007875851
10,EIB2,3,64.42940582936055,-45.00412045798218,7421.62119142019,7665.319126695645,3.1792275213531536,1212.459732731278,199.9288292964118,214.8187007875851
10,EIB2,4,64.43590545200695,-44.99491996451806,7420.7191632861795,7665.319126695645,3.190995174064041,1212.377103935885,199.9152042019999,214.8187007875851
10,EIB2,5,64.44432078801515,-44.93631513010792,7419.092666081558,7665.319126695645,3.2122140845586804,1211.85077924576,199.8284157699507,214.8187007875851
10,EIB2,6,64.43314193320634,-44.98020477406551,7420.919562808898,7665.319126695645,3.188380807729041,1212.2449481481754,199.8934123426843,214.8187007875851
10,EIB2,7,64.43567817565753,-44.79119261424812,7418.745008183186,7665.319126695645,3.2167495499793053,1210.5474471237792,199.61350251691837,214.8187007875851
10,EIB2,8,64.42243131024527,-44.94586234238314,7421.919506761438,7665.319126695645,3.175335767646397,1211.936521891275,199.842554323402,214.8187007875851
10,EIB2,9,64.43069001469718,-44.9300225718941,7420.732420315012,7665.319126695645,3.1908222258982404,1211.7942663524927,199.8190970632868,214.8187007875851
10,EIB2,10,64.43228770243627,-44.90350351001116,7420.272249458947,7665.319126695645,3.1968255096292766,1211.5561010685458,199.779824743462,214.8187007875851
12,EIB1N,1,64.15011489983385,-42.15937286516202,3691.3418131165786,3834.0393071423223,3.721857878710765,588.7080113539345,97.07514429553189,112.70837961218665
12,EIB1N,2,64.17701614956147,-42.23199379981954,3690.019372728159,3834.0393071423223,3.756349971318061,589.0315035520136,97.1284866166849,112.70837961218665
12,EIB1N,3,64.1704838343789,-42.30992067408701,3690.808372912736,3834.0393071423223,3.735771147749223,589.3786312220868,97.1857263144832,112.70837961218665
12,EIB1N,4,64.14454718221097,-42.18241709386258,3691.8022098889433,3834.0393071423223,3.709849739631257,588.8106625829574,97.0920709937886,112.70837961218665
12,EIB1N,5,64.15446047787268,-42.223941857535046,3691.3869386616975,3834.0393071423223,3.720680907336609,588.995635926229,97.12257221619872,112.70837961218665
12,EIB1N,6,64.15048732330058,-42.268451026895725,3691.8529370944384,3834.0393071423223,3.708526664893847,589.1939033968843,97.15526557683212,112.70837961218665
12,EIB1N,7,64.16468702293271,-42.24315558768458,3690.842990841062,3834.0393071423223,3.734868237644415,589.0812240810592,97.1366852948725,112.70837961218665
12,EIB1N,8,64.12387161741314,-42.15544792942378,3692.961050494384,3834.0393071423223,3.6796246816021982,588.6905276063724,97.07226130891594,112.70837961218665
12,EIB1N,9,64.15894052352256,-42.14697538031903,3690.730394832327,3834.0393071423223,3.737804983976812,588.6527863745065,97.06603795971972,112.70837961218665
12,EIB1N,10,64.1480043582704,-42.3176131725342,3692.248768455233,3834.0393071423223,3.698202530760514,589.412897694188,97.1913766923608,112.70837961218665
12,EIB1S,1,64.01921298939409,-37.55226611541462,3676.908981839753,3825.4784014468055,3.883682091914656,568.1855119357034,93.69108198636108,112.70837961218665
12,EIB1S,2,64.00874298972055,-37.7620912276,3678.591766709648,3825.4784014468055,3.839693218019603,569.1201843834367,93.84520501676468,112.70837961218665
12,EIB1S,3,64.03108490765419,-37.839675676266445,3677.580352667858,3825.4784014468055,3.866132108418459,569.4657867080861,93.90219319237497,112.70837961218665
12,EIB1S,4,63.99886810906075,-37.792397296210034,3679.356316193342,3825.4784014468055,3.819707495883382,569.2551837027933,93.8674657608918,112.70837961218665
12,EIB1S,5,63.95762887686099,-37.564604167209545,3680.810333080085,3825.4784014468055,3.781698736346469,568.2404721687818,93.7001446667624,112.70837961218665
12,EIB1S,6,63.999322769155626,-37.77201477925796,3679.227854169948,3825.4784014468055,3.823065560154392,569.164389151025,93.85249417218542,112.70837961218665
12,EIB1S,7,63.974134980384,-37.732909061675024,3680.607099637329,3825.4784014468055,3.787011364505042,568.9901915233297,93.82376981389858,112.70837961218665
12,EIB1S,8,64.00097936263322,-37.67110815635789,3678.6289647365984,3825.4784014468055,3.838720842200241,568.7148974803847,93.77837513873334,112.70837961218665
12,EIB1S,9,63.99160389453414,-37.75194287316597,3679.610674570908,3825.4784014468055,3.813058435272576,569.0749782249338,93.83775073675648,112.70837961218665
12,EIB1S,10,63.9909483036012,-37.69899735120424,3679.39149015406,3825.4784014468055,3.818788030210688,568.8391307608573,93.79886061437765,112.70837961218665
12,EIB2,1,64.14814430929268,-44.82190122045088,7468.767802771707,7703.125200949538,3.04236776716213,1210.8232383243949,199.6589791710132,227.23463631489236
12,EIB2,2,64.13030583145,-44.63260148661398,7469.150661682514,7703.125200949538,3.0373975907620387,1209.123154623872,199.37864347426745,227.23463631489236
12,EIB2,3,64.13676754769627,-44.592889025101606,7467.942202206326,7703.125200949538,3.0530855024168866,1208.766500617253,199.31983292899136,227.23463631489236
12,EIB2,4,64.14434949783868,-44.6013456022948,7467.06838998776,7703.125200949538,3.064429109015131,1208.842448368246,199.3323563510347,227.23463631489236
12,EIB2,5,64.12642445340367,-44.46270694478587,7467.962269748407,7703.125200949538,3.0528249907212106,1207.5973471886723,199.12704510277837,227.23463631489236
12,EIB2,6,64.14824803442664,-44.8568745768077,7469.10014517913,7703.125200949538,3.0380533830809475,1211.137330858439,199.7107715323816,227.23463631489236
12,EIB2,7,64.13091096714092,-44.62003443489502,7468.950059572976,7703.125200949538,3.040001756010617,1209.0102910748435,199.3600328131309,227.23463631489236
12,EIB2,8,64.13252915371844,-44.5761247450688,7468.311847082175,7703.125200949538,3.048286867236937,1208.6159421423042,199.29500655428825,227.23463631489236
12,EIB2,9,64.13127254201758,-44.527420603192994,7467.989357563501,7703.125200949538,3.0524733436378844,1208.178534671767,199.22288014781944,227.23463631489236
12,EIB2,10,64.130886672827,-44.48100837676404,7467.579532295569,7703.125200949538,3.057793590385033,1207.7617106855018,199.15414785977143,227.23463631489236
15,EIB1N,1,63.74352911917254,-42.20712622858092,3756.102446329098,3887.957720188302,3.3913762275382417,593.6700909146141,97.8933675574356,121.74379203073316
15,EIB1N,2,63.74979824264168,-42.30453876312244,3756.185982877679,3887.957720188302,3.389227630393095,594.1075174731303,97.96549711142112,121.74379203073316
15,EIB1N,3,63.81055172875703,-42.06455111084811,3751.113690572116,3887.957720188302,3.519689242134016,593.0298638291221,97.7877971634416,121.74379203073316
15,EIB1N,4,63.78324294387063,-42.1254970029248,3753.1591934501193,3887.957720188302,3.46707799928581,593.3035385872245,97.8329248262566,121.74379203073316
15,EIB1N,5,63.70407801853567,-42.09279989583015,3758.057786670906,3887.957720188302,3.341084005180614,593.1567137140482,97.80871410468514,121.74379203073316
15,EIB1N,6,63.73183416006066,-42.0540597712447,3756.089082933308,3887.957720188302,3.3917199400153835,592.982752945512,97.78002880334438,121.74379203073316
15,EIB1N,7,63.76927428827475,-42.23329948575776,3754.587096511344,3887.957720188302,3.430351698127485,593.787620736273,97.91274766468152,121.74379203073316
15,EIB1N,8,63.74756774117272,-42.09019182808326,3755.262798876253,3887.957720188302,3.41297233308449,593.1450023043793,97.80678294906711,121.74379203073316
15,EIB1N,9,63.78895084292933,-42.11867032158069,3752.76087371696,3887.957720188302,3.477322959797874,593.2728836849525,97.82786997902495,121.74379203073316
15,EIB1N,10,63.7745776963743,-42.04131327091686,3753.2941344488863,3887.957720188302,3.463607256842643,592.9255153651762,97.770590599238,121.74379203073316
15,EIB1S,1,63.61001258554407,-37.621334564501865,3741.8035895818975,3876.914713778591,3.4850166736066224,573.0778018921427,94.4977972752607,121.74379203073316
15,EIB1S,2,63.61264422099466,-37.5318185834924,3741.189462331207,3876.914713778591,3.5008572916245777,572.6758344483279,94.4315147602314,121.74379203073316
15,EIB1S,3,63.59702207842055,-37.50423824050927,3742.04938464928,3876.914713778591,3.4786767077954703,572.5519861718142,94.41109276990436,121.74379203073316
15,EIB1S,4,63.60223206747936,-37.60668774439381,3742.227373445092,3876.914713778591,3.47408571704759,573.0120310122119,94.48695197073522,121.74379203073316
15,EIB1S,5,63.5794920367279,-37.63888942648204,3743.8406481956654,3876.914713778591,3.4324733817326174,573.1566312019164,94.51079585260877,121.74379203073316
15,EIB1S,6,63.59181227563057,-37.62380590321888,3742.978222799606,3876.914713778591,3.4547185292204947,573.0888993263179,94.49962718924708,121.74379203073316
15,EIB1S,7,63.560635216078126,-37.37900595756293,3743.749840409994,3876.914713778591,3.434815651098225,571.98963629762,94.31836395675909,121.74379203073316
15,EIB1S,8,63.56312353175442,-37.444741597222205,3743.918657224534,3876.914713778591,3.430461239742717,572.2848191995265,94.36703820994316,121.74379203073316
15,EIB1S,9,63.62643845895183,-37.53359395370312,3740.318042290568,3876.914713778591,3.5233344443342163,572.6838066675606,94.4328293411738,121.74379203073316
15,EIB1S,10,63.57334078006201,-37.53373503838864,3743.709404572959,3876.914713778591,3.435858641208156,572.6844402019278,94.4329338079705,121.74379203073316
15,EIB2,1,63.78845285440749,-44.47742369142539,7529.025869541409,7752.705300961667,2.8851790792629792,1207.729516952356,199.14883926666545,243.4875840614663
15,EIB2,2,63.76517524653709,-44.54856887293285,7532.715507524611,7752.705300961667,2.837587460080128,1208.3684653597306,199.25419881273424,243.4875840614663
15,EIB2,3,63.78199715032683,-44.64518681191154,7531.520100977776,7752.705300961667,2.853006678281122,1209.236182286249,199.39728119691264,243.4875840614663
15,EIB2,4,63.7914367466329,-44.779350409691645,7531.644042246266,7752.705300961667,2.851407994161458,1210.4410933612214,199.59596528853425,243.4875840614663
15,EIB2,5,63.77277710239806,-44.5856435110501,7532.109736686234,7752.705300961667,2.8454011304682147,1208.70142931424,199.30910298136416,243.4875840614663
15,EIB2,6,63.78641167485361,-44.7655364936751,7532.150565282966,7752.705300961667,2.844874493698889,1210.3170318372877,199.57550813472437,243.4875840614663
15,EIB2,7,63.77553785760279,-44.3558057721752,7529.471388214605,7752.705300961667,2.8794324572013696,1206.6372774757442,198.9687341844304,243.4875840614663
15,EIB2,8,63.76068878887024,-44.50095835956671,7532.817278733552,7752.705300961667,2.836274741422707,1207.9408796674177,199.1836919706674,243.4875840614663
15,EIB2,9,63.81001154973716,-44.61704666162512,7527.652883922078,7752.705300961667,2.902888840772424,1208.9834581547225,199.3556081925339,243.4875840614663
15,EIB2,10,63.78749489265867,-44.59324767270447,7530.299598315733,7752.705300961667,2.868749604326445,1208.7697215987705,199.32036405348688,243.4875840614663
17,EIB1N,1,63.64047872258514,-42.07430125136148,3757.356488397032,3881.371544252774,3.1951348754378763,591.4921166681972,97.53422998810544,126.2392834348922
17,EIB1N,2,63.65259062991101,-41.98090058531861,3756.116657151772,3881.371544252774,3.2270779973762016,591.0738236533377,97.46525546424608,126.2392834348922
17,EIB1N,3,63.69355357791739,-42.170772257298125,3754.437665224365,3881.371544252774,3.2703356939987542,591.9241601388646,97.60547189656953,126.2392834348922
17,EIB1N,4,63.66937424694307,-41.97688890437485,3755.022219831502,3881.371544252774,3.2552751773625053,591.0558574204646,97.46229291810272,126.2392834348922
17,EIB1N,5,63.61865324779166,-42.071774720575625,3758.742907679843,3881.371544252774,3.1594150463258237,591.4808016506036,97.53236419565069,126.2392834348922
17,EIB1N,6,63.66682609823642,-42.15519596665538,3756.070765186836,3881.371544252774,3.228260362022633,591.8544020327469,97.59396911745569,126.2392834348922
17,EIB1N,7,63.70014497266656,-42.13074419720383,3753.817421142182,3881.371544252774,3.2863157174289115,591.7448952722934,97.57591197475108,126.2392834348922
17,EIB1N,8,63.64522724449296,-42.163369476546535,3757.494717797212,3881.371544252774,3.191573520937178,591.8910069333241,97.60000509104007,126.2392834348922
17,EIB1N,9,63.645433665603775,-42.02770036849252,3756.807531849666,3881.371544252774,3.2092782405114706,591.2834155462864,97.49981616812434,126.2392834348922
17,EIB1N,10,63.62665323324312,-42.15274679958066,3758.632374895567,3881.371544252774,3.1622628227629885,591.8434334869859,97.59216045655434,126.2392834348922
17,EIB1S,1,63.4854085517777,-37.38153184865719,3743.942922595594,3871.218820378345,3.2877474430730342,570.4756427535742,94.06871363959634,126.2392834348922
17,EIB1S,2,63.4710592476329,-37.474165276649714,3745.3232638616,3871.218820378345,3.2520909397842086,570.8904997081702,94.13712157350028,126.2392834348922
17,EIB1S,3,63.4749227943712,-37.66942425865317,3746.04861532104,3871.218820378345,3.23335390906866,571.764963153893,94.28131642653018,126.2392834348922
17,EIB1S,4,63.46524237904144,-37.387308002568346,3745.263087747206,3871.218820378345,3.2536453885815004,570.5015111433422,94.07297921373666,126.2392834348922
17,EIB1S,5,63.44694232465356,-37.437593881294966,3746.686402260092,3871.218820378345,3.216878815082913,570.7267154455019,94.1101143294587,126.2392834348922
17,EIB1S,6,63.47465224286918,-37.42220936824114,3744.834277216484,3871.218820378345,3.2647222754902074,570.6578162114806,94.0987531742587,126.2392834348922
17,EIB1S,7,63.45057262988712,-37.454802356423926,3746.5394705343792,3871.218820378345,3.2206743051476696,570.8037832571973,94.12282244417192,126.2392834348922
17,EIB1S,8,63.43656701692809,-37.50983097781808,3747.711752871896,3871.218820378345,3.190392308910586,571.0502278375387,94.1634599804991,126.2392834348922
17,EIB1S,9,63.501638100398246,-37.64545356661172,3744.2185767525934,3871.218820378345,3.280626839206647,571.6576108889992,94.26361454987142,126.2392834348922
17,EIB1S,10,63.4672089975981,-37.379365058092326,3745.09753282527,3871.218820378345,3.2579219466790383,570.4659388253652,94.0671135081,126.2392834348922
17,EIB2,1,63.734140389290864,-44.57863550737502,7527.573344183746,7739.190261710895,2.7343547628504346,1205.4154550941375,198.76726149897263,252.4785668697844
17,EIB2,2,63.74068963253757,-44.51953597210968,7526.14784121546,7739.190261710895,2.752774040837937,1204.8861029207474,198.6799738493671,252.4785668697844
17,EIB2,3,63.7332020705025,-44.430533519346376,7526.224357623199,7739.190261710895,2.7517853533247627,1204.0889115114446,198.54852078673383,252.4785668697844
17,EIB2,4,63.72387889500118,-44.3725371613479,7526.843798528317,7739.190261710895,2.74378140350351,1203.5694404527064,198.4628624858244,252.4785668697844
17,EIB2,5,63.72600204476259,-44.33850473907325,7526.234016624258,7739.190261710895,2.751660546972506,1203.2646134076897,198.4125979594216,252.4785668697844
17,EIB2,6,63.73846569868455,-44.42146597855315,7525.459976607371,7739.190261710895,2.7616621103236136,1204.0076939112612,198.5351283916838,252.4785668697844
17,EIB2,7,63.73035028469791,-44.50424512152005,7527.32110249609,7739.190261710895,2.7376140403604383,1204.7491433836503,198.6573898746802,252.4785668697844
17,EIB2,8,63.71899951686852,-44.50978067165515,7528.831111790424,7739.190261710895,2.71810283514037,1204.7987250847882,198.66556566080777,252.4785668697844
17,EIB2,9,63.73239859427444,-44.31858511341688,7525.2167184918835,7739.190261710895,2.7648053088658515,1203.0861941174703,198.3831774691122,252.4785668697844
17,EIB2,10,63.74028976889346,-44.51011226240561,7526.105597381867,7739.190261710895,2.753319883906334,1204.8016951298766,198.6660554070826,252.4785668697844
20,EIB1N,1,63.483543087350725,-42.02807073263902,3734.154332718761,3843.583613127964,2.847063871212318,584.9611696776535,96.4573079668891,131.39508393205418
20,EIB1N,2,63.51724109504861,-41.995750054950825,3731.844775982276,3843.583613127964,2.907152501224073,584.8179702707367,96.4336950674188,131.39508393205418
20,EIB1N,3,63.57906374127766,-42.119605002434135,3728.515675688725,3843.583613127964,2.99376698990544,585.3667197491484,96.52418124014198,131.39508393205418
20,EIB1N,4,63.53263303493605,-42.0085608428866,3730.926517954383,3843.583613127964,2.9310431751450623,584.8747295148416,96.44305439616129,131.39508393205418
20,EIB1N,5,63.49723626467387,-42.08258463768392,3733.548822508555,3843.583613127964,2.862817664316696,585.2026979941834,96.49713483475298,131.39508393205418
20,EIB1N,6,63.52691046871424,-41.94271815787132,3730.9670732841287,3843.583613127964,2.9299880314607405,584.5830081117527,96.39495092762884,131.39508393205418
20,EIB1N,7,63.55302911051225,-42.09541687037863,3730.0544368893466,3843.583613127964,2.95373244518092,585.2595522510474,96.50650983064644,131.39508393205418
20,EIB1N,8,63.54732785844816,-41.83918456809074,3729.156288414513,3843.583613127964,2.977099921089758,584.1242940712998,96.31931116936404,131.39508393205418
20,EIB1N,9,63.53546440877025,-42.06754989260004,3731.036501242727,3843.583613127964,2.928181697435351,585.1360853259738,96.48615072335372,131.39508393205418
20,EIB1N,10,63.51476477187216,-41.96057090854024,3731.829430645147,3843.583613127964,2.907551746789503,584.6621061842709,96.40799382267208,131.39508393205418
20,EIB1S,1,63.43411012027936,-37.51607731022887,3715.058687434767,3835.476101964208,3.1395688912720314,564.9704136565671,93.16092760872031,131.39508393205418
20,EIB1S,2,63.40714619184917,-37.66609047237881,3717.514015853934,3835.476101964208,3.0755526295644016,565.6350592452766,93.270524497475,131.39508393205418
20,EIB1S,3,63.35703707700066,-37.55644954512434,3720.164614775972,3835.476101964208,3.0064452006149605,565.1492861464543,93.1904228294943,131.39508393205418
20,EIB1S,4,63.3379412022969,-37.740027471275695,3722.2893013231674,3835.476101964208,2.951049560263902,565.9626431682801,93.32454152456,131.39508393205418
20,EIB1S,5,63.3896181556792,-37.69599919035834,3718.7776117587578,3835.476101964208,3.042607673808406,565.7675722673619,93.292375263036,131.39508393205418
20,EIB1S,6,63.40714619184917,-37.66609047237881,3717.514015853934,3835.476101964208,3.0755526295644016,565.6350592452766,93.270524497475,131.39508393205418
20,EIB1S,7,63.3638483445163,-37.788308539500825,3720.8754378013055,3835.476101964208,2.987912350808652,566.1765563913208,93.35981479516768,131.39508393205418
20,EIB1S,8,63.37643969065661,-37.488474437440686,3718.592535168827,3835.476101964208,3.0474330614528755,564.8481168702624,93.14076145173168,131.39508393205418
20,EIB1S,9,63.390621967068014,-37.74325632548296,3718.946941984884,3835.476101964208,3.0381928313840256,565.9769488710242,93.32690046673738,131.39508393205418
20,EIB1S,10,63.46061766604088,-37.900924784380415,3715.2715144388335,3835.476101964208,3.134019984215678,566.6755118783161,93.4420901761086,131.39508393205418
20,EIB2,1,63.677430197594965,-44.056014244654136,7564.412027818577,7766.248106360038,2.598887851344466,1203.9448770208528,198.5247701859469,266.34138634875853
20,EIB2,2,63.69456825489873,-44.39542104507887,7565.581629435379,7766.248106360038,2.5838277914444507,1206.9930586403038,199.02740080221227,266.34138634875853
20,EIB2,3,63.68780051942499,-44.45128484914611,7567.010182955638,7766.248106360038,2.565433407171702,1207.4947663861035,199.1101300175082,266.34138634875853
20,EIB2,4,63.69621857072141,-44.31132308407543,7564.531861707186,7766.248106360038,2.59734484258441,1206.2377824978007,198.9028593672353,266.34138634875853
20,EIB2,5,63.69158273184078,-44.14972347694765,7563.520780826673,7766.248106360038,2.61036375296,1204.7864711170598,198.6635450399525,266.34138634875853
20,EIB2,6,63.66942465488746,-44.12122733249939,7566.093586503194,7766.248106360038,2.577235714281785,1204.530549834329,198.6213448405832,266.34138634875853
20,EIB2,7,63.72350668892996,-44.6465261501816,7564.351539354654,7766.248106360038,2.599666714742788,1209.2482107614946,199.39926463513257,266.34138634875853
20,EIB2,8,63.71125203620526,-44.24677083429541,7561.952562085649,7766.248106360038,2.6305564987948853,1205.658044610913,198.80726335369744,266.34138634875853
20,EIB2,9,63.671033247014,-44.13129369191568,7565.986382327459,7766.248106360038,2.578616099948932,1204.6209548931226,198.63625220375516,266.34138634875853
20,EIB2,10,63.72504495644989,-44.48595303708456,7562.55594796717,7766.248106360038,2.622787163161291,1207.806118230326,199.1614704521916,266.34138634875853
22,EIB1N,1,63.46586317291655,-42.05136594389292,3780.238815962783,3886.320082694285,2.729607044048704,591.3894013524056,97.51729272224604,136.82204677996137
22,EIB1N,2,63.44911124128039,-41.90487908374809,3780.592115741186,3886.320082694285,2.7205161876373425,590.7333628789842,97.4091151057663,136.82204677996137
22,EIB1N,3,63.54485753315858,-41.937479750172336,3774.5714319727754,3886.320082694285,2.875436102628951,590.8793643115516,97.43319004590728,136.82204677996137
22,EIB1N,4,63.52581710486336,-41.934280562575374,3775.7835027463298,3886.320082694285,2.8442479671237817,590.8650368138825,97.43082750985066,136.82204677996137
22,EIB1N,5,63.47467278173487,-42.01673794898177,3779.4967741417854,3886.320082694285,2.7487007317843464,591.2343205697559,97.49172064056404,136.82204677996137
22,EIB1N,6,63.47772102698423,-41.88488475009257,3778.642879202932,3886.320082694285,2.770672543695977,590.6438186555946,97.39434969024832,136.82204677996137
22,EIB1N,7,63.52423105023424,-42.20072032635279,3777.212157288666,3886.320082694285,2.8074868534754907,592.0582819671644,97.627587946605,136.82204677996137
22,EIB1N,8,63.4903913259245,-41.87711521979692,3777.785643628972,3886.320082694285,2.792730314433325,590.6090229695562,97.38861204751562,136.82204677996137
22,EIB1N,9,63.53329827730709,-42.063691580008616,3775.94502149218,3886.320082694285,2.840091882642492,591.444601467237,97.52639495800476,136.82204677996137
22,EIB1N,10,63.49812154915857,-42.00896234185922,3777.9430521057375,3886.320082694285,2.7886799924470416,591.1994976687697,97.4859785102162,136.82204677996137
22,EIB1S,1,63.37775282172469,-37.80942830564167,3764.775183705504,3879.411369054264,2.9549891579739063,572.39196847825,94.38470661515024,136.82204677996137
22,EIB1S,2,63.38412267923552,-37.42621894759838,3762.4522566512815,3879.411369054264,3.014867496031885,570.6757730324404,94.10171416842246,136.82204677996137
22,EIB1S,3,63.3404947572245,-37.7894453823248,3767.079699310655,3879.411369054264,2.895585413799361,572.302475355834,94.3699496259392,136.82204677996137
22,EIB1S,4,63.33448306216718,-37.64428846471215,3766.7429815666487,3879.411369054264,2.904265022945529,571.6523930034441,94.26275414542062,136.82204677996137
22,EIB1S,5,63.321598866423294,-37.626428512534616,3767.485901636833,3879.411369054264,2.885114693178733,571.5724075648161,94.24956492793656,136.82204677996137
22,EIB1S,6,63.38412267923552,-37.42621894759838,3762.4522566512815,3879.411369054264,3.014867496031885,570.6757730324404,94.10171416842246,136.82204677996137
22,EIB1S,7,63.33528308778821,-37.7117343735816,3767.0281542694174,3879.411369054264,2.896914095816625,571.9544481573976,94.31256160020251,136.82204677996137
22,EIB1S,8,63.373721072115465,-37.32625343471784,3762.62377976281,3879.411369054264,3.010446126519572,570.2280794823151,94.02789163647044,136.82204677996137
22,EIB1S,9,63.35318657712219,-37.45988818124902,3764.615026581612,3879.411369054264,2.959117545212463,570.8265600219602,94.1265782240888,136.82204677996137
22,EIB1S,10,63.40956017839367,-38.002818166802825,3763.689625473985,3879.411369054264,2.982971708114846,573.2580611036631,94.52752115982057,136.82204677996137
22,EIB2,1,63.69603900678011,-44.35642052144925,7553.711093676688,7747.190861333528,2.497418369056882,1203.4250843538,198.43905885335963,273.64409355992274
22,EIB2,2,63.70453741609768,-44.33614137734262,7552.416297037508,7747.190861333528,2.514131480458883,1203.2434448712029,198.40910736868,273.64409355992274
22,EIB2,3,63.690996348057006,-44.362085909181545,7554.416343239717,7747.190861333528,2.488315075028738,1203.475829005103,198.4474264044248,273.64409355992274
22,EIB2,4,63.73066578555339,-44.64633549018853,7552.13375879159,7747.190861333528,2.5177784571627715,1206.021841132199,198.86725166558884,273.64409355992274
22,EIB2,5,63.70128813819751,-44.29211174738416,7552.397310377453,7747.190861333528,2.514376558454181,1202.84907323685,198.3440773664165,273.64409355992274
22,EIB2,6,63.68449101059559,-44.07948409101118,7552.447890887697,7747.190861333528,2.5137236700569643,1200.9445758238237,198.03003482305985,273.64409355992274
22,EIB2,7,63.73868282052484,-44.499437641311495,7549.645829717705,7747.190861333528,2.5498924081214587,1204.7060829757213,198.65028941871145,273.64409355992274
22,EIB2,8,63.6825951476939,-44.08495108069784,7552.746170452505,7747.190861333528,2.5098735059117074,1200.9935434317672,198.0381093481475,273.64409355992274
22,EIB2,9,63.69899952217372,-44.26742581026231,7552.44673119941,7747.190861333528,2.513738639202654,1202.6279622854868,198.30761722472505,273.64409355992274
22,EIB2,10,63.70317399766991,-44.22438603298771,7551.482469983274,7747.190861333528,2.526185230920804,1202.2424567220296,198.24404919528152,273.64409355992274
