turbine [MW],site,seed,LCOE [€/MWh],avg_water_depth [m],AEP [GWh],AEP without wake loss [GWh],Wake loss [%],Monopile Cost [M€],Monopile Tax [M€],CAPEX [M€],Turbine Tax [M€]
8,EIB1N,1,61.377519671895925,-42.16396723149555,3630.838782588586,3795.1989894164094,4.330740161086993,491.64995810116335,,,
8,EIB1N,2,61.384779602519934,-42.076310009390575,3629.995081034547,3795.1989894164094,4.352970920432992,491.3238732349329,,,
8,EIB1N,3,61.39696192060262,-42.13708702213252,3629.471750644979,3795.1989894164094,4.366760194487602,491.5499637223329,,,
8,EIB1N,4,61.398071528978704,-42.07823631591325,3629.147827274381,3795.1989894164094,4.3752952771407365,491.3310390951973,,,
8,EIB1N,5,61.372701045842135,-42.12494074152962,3630.981610263361,3795.1989894164094,4.32697678332542,491.50477955849016,,,
8,EIB1N,6,61.35193513110393,-42.09087446102634,3632.173351231295,3795.1989894164094,4.295575505783531,491.378052995018,,,
8,EIB1N,7,61.349123700379465,-42.10905906135562,3632.4326652821687,3795.1989894164094,4.288742819234105,491.4456997082429,,,
8,EIB1N,8,61.3461166509153,-42.06840751417879,3632.45193160345,3795.1989894164094,4.288235169402429,491.29447595274513,,,
8,EIB1N,9,61.36107410819854,-42.17525683905692,3631.94669578412,3795.1989894164094,4.301547668186792,491.6919554412917,,,
8,EIB1N,10,61.35886294605451,-42.24803149311239,3632.401666974916,3795.1989894164094,4.289559596097161,491.96267715437807,,,
8,EIB1S,1,61.1596392171883,-37.49747708882585,3624.817351619504,3790.254748258752,4.364809429108939,474.29061477043217,,,
8,EIB1S,2,61.16577515187529,-37.4067446097935,3624.030429041679,3790.254748258752,4.385571162292886,473.9530899484319,,,
8,EIB1S,3,61.17161736620805,-37.44454594385648,3623.816357101937,3790.254748258752,4.391219118801351,474.0937109111461,,,
8,EIB1S,4,61.16591048046333,-37.40383249545651,3624.009150273881,3790.254748258752,4.38613256961803,473.9422568830982,,,
8,EIB1S,5,61.15951419448422,-37.40804952280563,3624.440077844318,3790.254748258752,4.374763213227535,473.9579442248369,,,
8,EIB1S,6,61.18577263338516,-37.42566294302248,3622.8220553639017,3790.254748258752,4.417452229873697,474.0234661480436,,,
8,EIB1S,7,61.15209518535266,-37.4185942362262,3624.964394581777,3790.254748258752,4.360929928335546,473.9971705587614,,,
8,EIB1S,8,61.164695861790406,-37.37258280157493,3623.952880654384,3790.254748258752,4.38761715636045,473.82600802185874,,,
8,EIB1S,9,61.164536489839726,-37.572578552929805,3624.824868550394,3790.254748258752,4.364611106531987,474.5699922168988,,,
8,EIB1S,10,61.16092955668839,-37.50130650877889,3624.75056927493,3790.254748258752,4.366571377817133,474.3048602126575,,,
8,EIB2,1,61.23307552661747,-44.38385047347934,7338.680617944783,7599.417899437249,3.431016492878668,1005.1912015416254,,,
8,EIB2,2,61.23204843533413,-44.496118586386565,7339.786134221076,7599.417899437249,3.4164691118697217,1006.0309670261714,,,
8,EIB2,3,61.223809159217055,-44.55096898831152,7341.336436382312,7599.417899437249,3.39606883672035,1006.4412480325702,,,
8,EIB2,4,61.22527521198117,-44.49091417053385,7340.625287455392,7599.417899437249,3.40542677618796,1005.992037995593,,,
8,EIB2,5,61.23378461161825,-44.34802193133064,7338.278059764262,7599.417899437249,3.4363137167693374,1004.9232040463532,,,
8,EIB2,6,61.237702216971016,-44.53418615006919,7339.377610191911,7599.417899437249,3.421844839781664,1006.3157124025176,,,
8,EIB2,7,61.23578285574831,-44.480703286508,7339.165342707209,7599.417899437249,3.4246380469392546,1005.91566058308,,,
8,EIB2,8,61.232333601258624,-44.40481456854267,7338.958848650806,7599.417899437249,3.427355282116144,1005.3480129726992,,,
8,EIB2,9,61.23754867481381,-44.44466701712211,7338.6231011377695,7599.417899437249,3.4317733509403605,1005.6461092880731,,,
8,EIB2,10,61.22824728550035,-44.45367806816769,7339.915050182511,7599.417899437249,3.4147727192888646,1005.7135119498944,,,
12,EIB1N,1,60.46240961039659,-41.99802699416353,3690.022309314961,3834.0393071423214,3.756273378811647,491.03266041828834,,,
12,EIB1N,2,60.4382410964074,-42.07246023217329,3691.955894374261,3834.0393071423214,3.705841317364148,491.3095520636846,,,
12,EIB1N,3,60.47332027838094,-41.94713743164324,3689.074548456989,3834.0393071423214,3.780993022561965,490.8433512457129,,,
12,EIB1N,4,60.44416039371015,-41.95979273187487,3691.0699878437777,3834.0393071423214,3.728947667078207,490.8904289625745,,,
12,EIB1N,5,60.43490311299005,-42.03866232301502,3692.030664709277,3834.0393071423214,3.703891146042812,491.1838238416159,,,
12,EIB1N,6,60.44468885372979,-42.0878686289137,3691.5938013133095,3834.0393071423214,3.7152854839974,491.3668712995589,,,
12,EIB1N,7,60.45019584845437,-41.95402235351138,3690.643052156879,3834.0393071423214,3.740083069005456,490.8689631550623,,,
12,EIB1N,8,60.44516108525107,-42.120412849884936,3691.704399470415,3834.0393071423214,3.7124008459369766,491.487935801572,,,
12,EIB1N,9,60.44015458717364,-42.11237762392529,3692.002704120113,3834.0393071423214,3.704620418408698,491.4580447610021,,,
12,EIB1N,10,60.41539310042454,-41.9890730054321,3693.113962615597,3834.0393071423214,3.675636404253853,490.9993515802074,,,
12,EIB1S,1,60.33482482436154,-37.45794504837972,3678.675570581296,3825.4784014468055,3.837502541119788,474.1435555799725,,,
12,EIB1S,2,60.33322407948897,-37.47430908855417,3678.853557264818,3825.4784014468055,3.832849876411109,474.2044298094215,,,
12,EIB1S,3,60.32561771717552,-37.59716709774848,3679.8967135733465,3825.4784014468055,3.805581226609453,474.6614616036244,,,
12,EIB1S,4,60.339890260156416,-37.38894336528924,3678.037117841389,3825.4784014468055,3.854192028627152,473.8868693188759,,,
12,EIB1S,5,60.34700012814683,-37.660052041380446,3678.749994653916,3825.4784014468055,3.835557057057149,474.8953935939352,,,
12,EIB1S,6,60.33291606575274,-37.53734180862392,3679.1497012401087,3825.4784014468055,3.825108518488953,474.4389115280809,,,
12,EIB1S,7,60.32360750140092,-37.62734363928948,3680.1624201815225,3825.4784014468055,3.798635517333573,474.7737183381568,,,
12,EIB1S,8,60.34193000162213,-37.48579606440659,3678.3250599040257,3825.4784014468055,3.84666507297822,474.2471613595925,,,
12,EIB1S,9,60.34990791414339,-37.62155430099659,3678.388419753466,3825.4784014468055,3.845008813478321,474.7521819997073,,,
12,EIB1S,10,60.35033660646653,-37.56149262197838,3678.0973410724137,3825.4784014468055,3.8526177619680704,474.5287525537596,,,
12,EIB2,1,60.41380983171004,-44.02789936918749,7463.957676867461,7703.125200949538,3.104811590659287,1005.2092452689062,,,
12,EIB2,2,60.40998683179991,-43.80335816017964,7462.49556228832,7703.125200949538,3.123792387946088,1003.5251862013472,,,
12,EIB2,3,60.4049268627629,-43.91287480507532,7464.141473825702,7703.125200949538,3.10242558558412,1004.3465610380648,,,
12,EIB2,4,60.40629025156129,-43.91189927553211,7463.949212734007,7703.125200949538,3.104921469873665,1004.3392445664908,,,
12,EIB2,5,60.40603241043279,-43.82656495583871,7463.232523866986,7703.125200949538,3.114225341332648,1003.6992371687904,,,
12,EIB2,6,60.39804416500992,-43.90584722518568,7465.006933505647,7703.125200949538,3.091190409504696,1004.2938541888924,,,
12,EIB2,7,60.39077585034654,-43.89241092605502,7465.868135385745,7703.125200949538,3.080010507093249,1004.1930819454126,,,
12,EIB2,8,60.409978678242936,-44.02299301760116,7464.43054888202,7703.125200949538,3.0986728871821425,1005.1724476320086,,,
12,EIB2,9,60.41069666981319,-43.80551046363454,7462.418914906751,7703.125200949538,3.12478740463826,1003.5413284772592,,,
12,EIB2,10,60.410932656522334,-43.8376149458012,7462.669809223675,7703.125200949538,3.12153035882402,1003.782112093509,,,
15,EIB1N,1,59.97111339386189,-42.05031049235247,3753.257559866567,3887.957720188302,3.4645479713501524,495.1886643463217,,,
15,EIB1N,2,59.95866358623133,-42.11871349832551,3754.411404535525,3887.957720188302,3.434870573806259,495.44517561872055,,,
15,EIB1N,3,59.98680122525055,-41.97896848076734,3751.870247894615,3887.957720188302,3.5002302516575816,494.9211318028776,,,
15,EIB1N,4,59.94671137127749,-42.12619731408186,3755.261303547629,3887.957720188302,3.4130107936010816,495.47323992780696,,,
15,EIB1N,5,59.99209963304656,-42.10352627087419,3752.061294385607,3887.957720188302,3.4953164510264574,495.38822351577824,,,
15,EIB1N,6,59.97640913386882,-42.04555593630064,3752.874920901031,3887.957720188302,3.474389615551917,495.1708347611273,,,
15,EIB1N,7,59.99608447518016,-42.07172042796362,3751.6483526076577,3887.957720188302,3.505937497027172,495.2689516048636,,,
15,EIB1N,8,59.96127950574074,-42.02798588625681,3753.830020815002,3887.957720188302,3.449824021409468,495.1049470734631,,,
15,EIB1N,9,59.96487729763783,-42.03619223282836,3753.6207304469017,3887.957720188302,3.4552070626656453,495.1357208731063,,,
15,EIB1N,10,59.96674523879993,-42.07279169334594,3753.655599442404,3887.957720188302,3.45431021660887,495.2729688500473,,,
15,EIB1S,1,59.82383026112434,-37.57613114787234,3743.43240412836,3876.914713778591,3.443003509358437,478.41049180452126,,,
15,EIB1S,2,59.839856391710285,-37.25903990591466,3740.927932073492,3876.914713778591,3.507603126315889,477.22139964718,,,
15,EIB1S,3,59.82513579259924,-37.48745967463949,3742.948721906033,3876.914713778591,3.4554794666088866,478.077973779898,,,
15,EIB1S,4,59.85615026869889,-37.65204452653527,3741.5644415605343,3876.914713778591,3.491185187464154,478.6951669745072,,,
15,EIB1S,5,59.79235503837167,-37.46909649930721,3745.106269544776,3876.914713778591,3.3998283161960337,478.0091118724021,,,
15,EIB1S,6,59.83985639171028,-37.25903990591466,3740.9279320734927,3876.914713778591,3.5076031263158773,477.22139964718,,,
15,EIB1S,7,59.80613305929993,-37.63399188669366,3744.89871801775,3876.914713778591,3.405181839354233,478.62746957510126,,,
15,EIB1S,8,59.80760629824667,-37.54341074905469,3744.3948873227455,3876.914713778591,3.418177500394028,478.2877903089551,,,
15,EIB1S,9,59.80659033237944,-37.54406783748356,3744.467222956464,3876.914713778591,3.4163116962931053,478.29025439056335,,,
15,EIB1S,10,59.800176535965726,-37.3854008411537,3744.1991684578406,3876.914713778591,3.423225815339138,477.6952531543263,,,
15,EIB2,1,59.92779440447708,-43.97537624187098,7529.534191129001,7752.705300961667,2.8786223797902286,1004.8153218140322,,,
15,EIB2,2,59.94027991194267,-43.616138737901736,7524.632925253647,7752.705300961667,2.941842451817804,1002.1210405342632,,,
15,EIB2,3,59.97002542399231,-43.82541721400009,7522.418626289871,7752.705300961667,2.970404081311205,1003.6906291050004,,,
15,EIB2,4,59.94509366471551,-43.86335006837077,7526.168806992603,7752.705300961667,2.9220315383452444,1003.9751255127808,,,
15,EIB2,5,59.96254989196101,-44.148744245605215,7526.311836072904,7752.705300961667,2.9201866458238785,1006.1155818420392,,,
15,EIB2,6,59.93765140334513,-44.0201124218743,7528.580519769898,7752.705300961667,2.890923522708482,1005.1508431640572,,,
15,EIB2,7,59.93724455734067,-43.76956227639432,7526.41119225849,7752.705300961667,2.918905077884318,1003.2717170729574,,,
15,EIB2,8,59.9455849531881,-43.83282138386833,7525.830435301257,7752.705300961667,2.92639610114249,1003.7461603790124,,,
15,EIB2,9,59.93044662212114,-43.85382022306371,7528.090994881678,7752.705300961667,2.897237768758305,1003.9036516729776,,,
15,EIB2,10,59.92554623947756,-43.811722210865895,7528.388697986408,7752.705300961667,2.893397778804174,1003.587916581494,,,
22,EIB1N,1,59.490345561137445,-42.12028636506244,3776.587957699207,3886.320082694285,2.8235483094589644,494.1298710053336,,,
22,EIB1N,2,59.42892423261584,-41.85990195570647,3779.685823635079,3886.320082694285,2.74383624586269,493.1560333143421,,,
22,EIB1N,3,59.47386478024925,-41.884100123016985,3776.675684331562,3886.320082694285,2.8212909906975443,493.24653446008347,,,
22,EIB1N,4,59.4757448946889,-41.79464713375428,3776.145837294965,3886.320082694285,2.834924634487112,492.911980280241,,,
22,EIB1N,5,59.47336894614675,-42.02390625221565,3777.33447172464,3886.320082694285,2.804339546167509,493.7694093832866,,,
22,EIB1N,6,59.45332561246687,-41.95589045816907,3778.42095544315,3886.320082694285,2.776382926656201,493.5150303135523,,,
22,EIB1N,7,59.44641605409662,-41.91066131711313,3778.698353230546,3886.320082694285,2.769245125819067,493.34587332600313,,,
22,EIB1N,8,59.449646619513466,-41.85716470147688,3778.235124320133,3886.320082694285,2.7811645997830508,493.1457959835235,,,
22,EIB1N,9,59.45421519278652,-41.97365132725385,3778.438582636168,3886.320082694285,2.775929356372677,493.5814559639294,,,
22,EIB1N,10,59.4322972231146,-41.900039382624,3779.631008480924,3886.320082694285,2.7452467100804694,493.30614729101376,,,
22,EIB1S,1,59.43647096869996,-37.46284839890657,3759.5101245056576,3879.411369054264,3.090707149673492,476.7110530119105,,,
22,EIB1S,2,59.415729865053855,-37.57705703104069,3761.4537257011184,3879.411369054264,3.0406067346733,477.13819329609214,,,
22,EIB1S,3,59.38148068568394,-37.441710619409335,3763.217156068519,3879.411369054264,2.995150602295406,476.6319977165909,,,
22,EIB1S,4,59.38148068568394,-37.441710619409335,3763.217156068519,3879.411369054264,2.995150602295406,476.6319977165909,,,
22,EIB1S,5,59.35832241476536,-37.44280394016303,3764.8252925071856,3879.411369054264,2.953697498056582,476.6360867362098,,,
22,EIB1S,6,59.415729865053855,-37.57705703104069,3761.4537257011184,3879.411369054264,3.0406067346733,477.13819329609214,,,
22,EIB1S,7,59.40265213704788,-37.51951177314599,3762.1005865679153,3879.411369054264,3.023932533222098,476.922974031566,,,
22,EIB1S,8,59.42677607737112,-37.47447600826781,3760.231772075914,3879.411369054264,3.0721051634027603,476.7545402709216,,,
22,EIB1S,9,59.41094596221247,-37.500145205865664,3761.440536611428,3879.411369054264,3.0409467112428192,476.8505430699376,,,
22,EIB1S,10,59.40254022384671,-37.39045208008712,3761.531160776635,3879.411369054264,3.038610682485225,476.4402907795258,,,
22,EIB2,1,59.6305140219125,-43.06798379464306,7542.237304428721,7747.190861333528,2.6455209452465818,995.34851878393,,,
22,EIB2,2,59.624151741745095,-42.99971281105235,7542.507628231127,7747.190861333528,2.64203163141342,994.8378518266712,,,
22,EIB2,3,59.59552767528429,-43.19135416207549,7548.170124935218,7747.190861333528,2.5689406645656385,996.2713291323248,,,
22,EIB2,4,59.61637947380777,-43.13971719800714,7544.828294464743,7747.190861333528,2.6120766932280253,995.8850846410932,,,
22,EIB2,5,59.6147945719124,-43.24077388571055,7545.947596563908,7747.190861333528,2.597628848593766,996.640988665115,,,
22,EIB2,6,59.61381232205716,-42.79350679801183,7542.098362785831,7747.190861333528,2.64731439070799,993.2954308491284,,,
22,EIB2,7,59.59054767507214,-43.3784606086969,7550.526449151328,7747.190861333528,2.5385254565465565,997.6708853530528,,,
22,EIB2,8,59.59905340449504,-43.27922338441511,7548.465789737267,7747.190861333528,2.5651242515284345,996.928590915425,,,
22,EIB2,9,59.6094233651058,-43.205939928033466,7546.379411653601,7747.190861333528,2.592055020642171,996.3804306616902,,,
22,EIB2,10,59.61723715578373,-43.35144565822687,7546.596102182036,7747.190861333528,2.5892579999889644,997.468813523537,,,
10,EIB1N,1,60.88884178566123,-42.14824843003754,3692.0542918723713,3847.26763939319,4.034378734963702,495.55593161264073,0.0,2100000495.555932,0.0
10,EIB1N,2,60.87466163412124,-42.04514634169473,3692.541147059191,3847.26763939319,4.021724164695836,495.1692987813552,0.0,2100000495.169299,0.0
10,EIB1N,3,60.86437472727011,-42.05660601222314,3693.271135214848,3847.26763939319,4.002749967315287,495.2122725458367,0.0,2100000495.212273,0.0
10,EIB1N,4,60.87678513734644,-42.0711147257981,3692.514189162743,3847.26763939319,4.022424867089724,495.2666802217428,0.0,2100000495.26668,0.0
10,EIB1N,5,60.858548202622174,-42.03991081668679,3693.583464513674,3847.26763939319,3.99463175646798,495.1496655625754,0.0,2100000495.1496656,0.0
10,EIB1N,6,60.88179068595059,-42.0345856639342,3692.0239746667407,3847.26763939319,4.035166754110593,495.1296962397532,0.0,2100000495.129696,0.0
10,EIB1N,7,60.84801970949653,-42.20015862385795,3694.9797392672704,3847.26763939319,3.958339122721896,495.75059483946734,0.0,2100000495.7505949,0.0
10,EIB1N,8,60.85161617935076,-42.07117376343683,3694.178440668711,3847.26763939319,3.979166854859753,495.2669016128881,0.0,2100000495.2669015,0.0
10,EIB1N,9,60.844983380390005,-42.14177949862631,3694.9256252301975,3847.26763939319,3.9597456803660473,495.53167311984856,0.0,2100000495.5316727,0.0
10,EIB1N,10,60.84790122814383,-42.00960827532128,3694.1552568088023,3847.26763939319,3.9797694607110063,495.0360310324548,0.0,2100000495.036031,0.0
10,EIB1S,1,60.8397327858303,-37.69497951566866,3675.8466541824014,3840.348031408999,4.283501804555015,478.8561731837575,0.0,2100000478.8561733,0.0
10,EIB1S,2,60.83503613352641,-37.71730493970393,3676.253393454027,3840.348031408999,4.27291059593801,478.9398935238897,0.0,2100000478.9398932,0.0
10,EIB1S,3,60.81996577842904,-37.636149580710686,3676.891250741193,3840.348031408999,4.256301234443972,478.635560927665,0.0,2100000478.635561,0.0
10,EIB1S,4,60.81383228889258,-37.54458624884389,3676.895119871555,3840.348031408999,4.256200484972037,478.2921984331646,0.0,2100000478.2921984,0.0
10,EIB1S,5,60.89560469374572,-38.10728051320066,3673.971754126421,3840.348031408999,4.332322902034877,480.4023019245024,0.0,2100000480.402302,0.0
10,EIB1S,6,60.8535513874512,-37.58891728072036,3674.473989672336,3840.348031408999,4.3192450366485255,478.4584398027013,0.0,2100000478.45844,0.0
10,EIB1S,7,60.92980694746679,-38.1018821205407,3671.7014975228326,3840.348031408999,4.391438809890648,480.3820579520276,0.0,2100000480.382058,0.0
10,EIB1S,8,60.909490293962776,-38.14342904938872,3673.217014194378,3840.348031408999,4.351975806559949,480.5378589352076,0.0,2100000480.537859,0.0
10,EIB1S,9,60.88024987073898,-37.79956081157694,3673.6379538168153,3840.348031408999,4.341014830653739,479.2483530434136,0.0,2100000479.248353,0.0
10,EIB1S,10,60.85889980912441,-37.7782624952659,3674.949057763738,3840.348031408999,4.306874592940918,479.1684843572471,0.0,2100000479.1684844,0.0
10,EIB2,1,60.7869296841461,-44.0371381578402,7414.117269279659,7665.319126695645,3.2771219731887955,1005.2785361838014,0.0,4200001005.278536,0.0
10,EIB2,2,60.786542953200296,-44.17770214242724,7415.397980212556,7665.319126695645,3.260414111301655,1006.3327660682044,0.0,4200001006.332766,0.0
10,EIB2,3,60.78527725570101,-44.23476375754832,7416.065274562396,7665.319126695645,3.251708741847228,1006.7607281816124,0.0,4200001006.760728,0.0
10,EIB2,4,60.800704565653085,-44.228337607591264,7413.958756990512,7665.319126695645,3.279189888255703,1006.7125320569344,0.0,4200001006.712532,0.0
10,EIB2,5,60.78313502048635,-44.28604791688009,7416.798610316669,7665.319126695645,3.2421418113365346,1007.1453593766006,0.0,4200001007.14536,0.0
10,EIB2,6,60.78739151777951,-44.29369539420595,7416.299599928475,7665.319126695645,3.248651786719773,1007.2027154565446,0.0,4200001007.2027154,0.0
10,EIB2,7,60.78433785779611,-44.22132188399016,7416.07259807754,7665.319126695645,3.251613200943792,1006.659914129926,0.0,4200001006.659914,0.0
10,EIB2,8,60.790524921104414,-44.18800981870909,7414.95885711272,7665.319126695645,3.2661428108192907,1006.4100736403182,0.0,4200001006.4100738,0.0
10,EIB2,9,60.78113581695091,-44.139610940603184,7415.783628726844,7665.319126695645,3.255383028995574,1006.047082054524,0.0,4200001006.047082,0.0
10,EIB2,10,60.77848264293428,-44.26987146949489,7417.27573855188,7665.319126695645,3.235917305515914,1007.0240360212116,0.0,4200001007.024036,0.0
17,EIB1N,1,59.799145639403335,-41.97561472247739,3754.664109265284,3881.371544252774,3.2645015696863364,493.5887990620654,0.0,2094400493.588799,0.0
17,EIB1N,2,59.794536778482055,-42.054803497846464,3755.3315252423326,3881.371544252774,3.247306205381742,493.8849650819458,0.0,2094400493.8849647,0.0
17,EIB1N,3,59.81455887770605,-41.9539553834715,3753.5122057233366,3881.371544252774,3.2941793144941625,493.5077931341833,0.0,2094400493.5077927,0.0
17,EIB1N,4,59.75535727718447,-41.98280639885916,3757.698703143588,3881.371544252774,3.186318024418743,493.6156959317332,0.0,2094400493.615696,0.0
17,EIB1N,5,59.78866308034316,-41.974652673577296,3755.378206432882,3881.371544252774,3.246103507056751,493.585200999179,0.0,2094400493.585201,0.0
17,EIB1N,6,59.79214726017261,-41.94011427683325,3754.986045468649,3881.371544252774,3.2562071768487773,493.4560273953563,0.0,2094400493.4560275,0.0
17,EIB1N,7,59.81378044666558,-42.01604515344804,3753.841097789918,3881.371544252774,3.28570571018106,493.7400088738957,0.0,2094400493.7400088,0.0
17,EIB1N,8,59.76969832152667,-41.95900472643976,3756.60904790024,3881.371544252774,3.2143919985519664,493.5266776768847,0.0,2094400493.5266776,0.0
17,EIB1N,9,59.78663758527364,-42.02685378028638,3755.748855769256,3881.371544252774,3.236554064748858,493.7804331382711,0.0,2094400493.7804327,0.0
17,EIB1N,10,59.7662054012856,-42.05644686624202,3757.281514878168,3881.371544252774,3.197066499813689,493.89111127974513,0.0,2094400493.8911116,0.0
17,EIB1S,1,59.61861815707333,-37.405812864117536,3746.718506323301,3871.218820378345,3.21604951390676,476.4977401117996,0.0,2094400476.49774,0.0
17,EIB1S,2,59.64252071339664,-37.31906660223233,3744.693327907663,3871.218820378345,3.268363229808763,476.1733090923489,0.0,2094400476.173309,0.0
17,EIB1S,3,59.66570107982879,-37.5285605550145,3744.037796502732,3871.218820378345,3.2852966927657183,476.9568164757542,0.0,2094400476.9568164,0.0
17,EIB1S,4,59.68872208900823,-37.32598025032573,3741.560544060503,3871.218820378345,3.349288230241935,476.1991661362183,0.0,2094400476.199166,0.0
17,EIB1S,5,59.63087379252856,-37.49230307937589,3746.263159278121,3871.218820378345,3.2278118829772637,476.8212135168658,0.0,2094400476.8212132,0.0
17,EIB1S,6,59.652163759631634,-37.255176110826575,3743.7481810691993,3871.218820378345,3.29277793955052,475.93435865449135,0.0,2094400475.9343584,0.0
17,EIB1S,7,59.63196808294483,-37.36286651866104,3745.6117013793946,3871.218820378345,3.244640120515707,476.3371207797922,0.0,2094400476.3371208,0.0
17,EIB1S,8,59.63420474179119,-37.24674550897676,3744.941260379149,3871.218820378345,3.2619587230373748,475.902828203573,0.0,2094400475.902828,0.0
17,EIB1S,9,59.63852689033625,-37.5741638423201,3746.10293498087,3871.218820378345,3.2319507422018403,477.12737277027713,0.0,2094400477.1273727,0.0
17,EIB1S,10,59.67185599214747,-37.35670795150813,3742.851543541404,3871.218820378345,3.315939573376929,476.3140877386404,0.0,2094400476.314088,0.0
17,EIB2,1,59.8178300802786,-43.46383622270287,7519.978736134953,7739.190261710895,2.832486580159121,998.3094949458174,0.0,4188800998.309495,0.0
17,EIB2,2,59.82397103236737,-43.57706074956559,7520.141320074716,7739.190261710895,2.830385792683107,999.1564144067504,0.0,4188800999.156415,0.0
17,EIB2,3,59.83626456240733,-43.33655242142358,7516.321279343189,7739.190261710895,2.879745487978693,997.3574121122484,0.0,4188800997.357412,0.0
17,EIB2,4,59.82356736290591,-43.37205904408581,7518.377205594978,7739.190261710895,2.853180354130522,997.6230016497618,0.0,4188800997.6230016,0.0
17,EIB2,5,59.82947692188349,-43.779304946853536,7521.180977481054,7739.190261710895,2.8169521210562243,1000.6692010024644,0.0,4188801000.669201,0.0
17,EIB2,6,59.80509808618063,-43.57038641960923,7522.671734219093,7739.190261710895,2.7976896828989006,999.106490418677,0.0,4188800999.1064906,0.0
17,EIB2,7,59.805155432196194,-43.55378249479626,7522.516445696904,7739.190261710895,2.79969620447206,998.982293061076,0.0,4188800998.982293,0.0
17,EIB2,8,59.823898493391006,-43.77917503130018,7521.945117873986,7739.190261710895,2.8070784732055776,1000.6682292341252,0.0,4188801000.668229,0.0
17,EIB2,9,59.82563009284313,-43.77539966599147,7521.674039709525,7739.190261710895,2.810581141511874,1000.6399895016162,0.0,4188801000.639989,0.0
17,EIB2,10,59.80975898559738,-43.5753304538338,7522.075914691281,7739.190261710895,2.805388415035781,999.1434717946768,0.0,4188800999.143472,0.0
20,EIB1N,1,59.59128628354604,-42.146722873630765,3729.404874177,3843.583613127964,2.9706323692551018,488.9428746324338,0.0,2072000488.942875,0.0
20,EIB1N,2,59.51360025249426,-41.91912593302186,3733.71466629544,3843.583613127964,2.858502842432281,488.1007659521809,0.0,2072000488.100766,0.0
20,EIB1N,3,59.565368990957445,-41.92632116925618,3730.2040536493664,3843.583613127964,2.9498398081244805,488.1273883262479,0.0,2072000488.127388,0.0
20,EIB1N,4,59.5317825249803,-41.8181537859284,3732.024084573299,3843.583613127964,2.90248736032768,487.72716900793495,0.0,2072000487.727169,0.0
20,EIB1N,5,59.53970668068223,-42.16749471687401,3733.0235369041247,3843.583613127964,2.8764842228543115,489.01973045243375,0.0,2072000489.0197303,0.0
20,EIB1N,6,59.50202729751695,-42.04880055535089,3735.080148286524,3843.583613127964,2.8229765698563543,488.5805620547983,0.0,2072000488.580562,0.0
20,EIB1N,7,59.52080899740422,-41.951846228992565,3733.365442966363,3843.583613127964,2.8675887207226447,488.2218310472725,0.0,2072000488.221831,0.0
20,EIB1N,8,59.51437090082936,-41.96701056555997,3733.873303108191,3843.583613127964,2.854375527178642,488.27793909257184,0.0,2072000488.277939,0.0
20,EIB1N,9,59.52986776521366,-42.00701023634162,3732.9887274246057,3843.583613127964,2.877389874533128,488.425937874464,0.0,2072000488.425938,0.0
20,EIB1N,10,59.51977748929572,-41.82961614968601,3732.8964645496144,3843.583613127964,2.879790313401589,487.7695797538382,0.0,2072000487.76958,0.0
20,EIB1S,1,59.51780493610014,-37.47802926578099,3713.819734304058,3835.476101964208,3.171871351195442,471.6687082833896,0.0,2072000471.6687083,0.0
20,EIB1S,2,59.52311243300899,-37.41249449077793,3713.168915404066,3835.476101964208,3.188839750494257,471.4262296158783,0.0,2072000471.4262297,0.0
20,EIB1S,3,59.51524035872321,-37.58406178285023,3714.4625889851327,3835.476101964208,3.155110598058547,472.0610285965458,0.0,2072000472.0610285,0.0
20,EIB1S,4,59.51524035872321,-37.58406178285023,3714.4625889851327,3835.476101964208,3.155110598058547,472.0610285965458,0.0,2072000472.0610285,0.0
20,EIB1S,5,59.448278293115024,-37.54549267315778,3718.8602464341584,3835.476101964208,3.0404531909435977,471.9183228906838,0.0,2072000471.9183228,0.0
20,EIB1S,6,59.52311243300899,-37.41249449077793,3713.168915404066,3835.476101964208,3.188839750494257,471.4262296158783,0.0,2072000471.4262297,0.0
20,EIB1S,7,59.49116972016439,-37.307972702610506,3714.883896148902,3835.476101964208,3.14412611653477,471.0394989996588,0.0,2072000471.039499,0.0
20,EIB1S,8,59.45384766055594,-37.34171647757491,3717.579186273768,3835.476101964208,3.073853481450793,471.1643509670273,0.0,2072000471.164351,0.0
20,EIB1S,9,59.52049362023164,-37.600807948940655,3714.178614970759,3835.476101964208,3.1625144771813662,472.1229894110804,0.0,2072000472.1229892,0.0
20,EIB1S,10,59.48596869042106,-37.36079832592064,3715.471861051548,3835.476101964208,3.12879647069641,471.2349538059064,0.0,2072000471.2349536,0.0
20,EIB2,1,59.6839793511345,-43.36886173801706,7557.694248373949,7766.248106360038,2.685387527283566,1000.2664630351278,0.0,4200001000.266463,0.0
20,EIB2,2,59.67553631932663,-43.34514432368622,7558.649675017385,7766.248106360038,2.6730852336876043,1000.0885824276468,0.0,4200001000.088583,0.0
20,EIB2,3,59.6697889635133,-43.60528594043288,7561.765868505262,7766.248106360038,2.6329604083510896,1002.0396445532466,0.0,4200001002.0396447,0.0
20,EIB2,4,59.66996502368849,-43.27009295025915,7558.7501867950305,7766.248106360038,2.67179102088022,999.5256971269436,0.0,4200000999.525697,0.0
20,EIB2,5,59.677586475128265,-43.844792192136026,7562.824597262739,7766.248106360038,2.6193279729333985,1003.8359414410202,0.0,4200001003.835941,0.0
20,EIB2,6,59.68166555034039,-43.582909766218606,7559.923843674424,7766.248106360038,2.656678744484712,1001.8718232466396,0.0,4200001001.8718233,0.0
20,EIB2,7,59.68041174985007,-43.59634340351749,7560.217051353258,7766.248106360038,2.6529033348555284,1001.9725755263812,0.0,4200001001.972576,0.0
20,EIB2,8,59.6820860550493,-43.54759237671531,7559.550598310609,7766.248106360038,2.6614847377868083,1001.6069428253649,0.0,4200001001.606943,0.0
20,EIB2,9,59.675037048645976,-43.638975808166,7561.340665607221,7766.248106360038,2.638435418835144,1002.2923185612448,0.0,4200001002.2923183,0.0
20,EIB2,10,59.67299891744175,-43.53753021525768,7560.717270936583,7766.248106360038,2.6464623922475363,1001.5314766144328,0.0,4200001001.531477,0.0
